id,screen_name,friends_count,followers_count,statuses_count,gender,location,description
1728875812,海尔,267,98836,6038,m,山东 青岛,你的生活智慧，我的智慧生活！
5109568813,番茄2014炒蛋,73,3,9,m,福建 福州,
2919663594,2B中额钻斗鸡璇珠1980,481,288,3988,f,其他,
2804398602,传奇黑钢,505,255,4161,m,其他,
1583272582,大帅哥高芬,425,310,4180,m,辽宁 鞍山,
2920340264,勤奋的灰原哀1981,455,255,4051,m,其他,
1443892963,V5锦程,583,353,4103,m,甘肃 嘉峪关,
2808029942,双子小牧爱佳,473,276,4159,m,其他,
2919296254,09管四兼班飞沉1986,549,297,4046,m,其他,
2803881490,V5八重野抚子,598,297,4188,m,其他,
2920502894,围脖小小象1987,623,299,4027,m,其他,
2919713790,2且不文艺书萱1992,542,301,4068,f,其他,
2920609000,大姑娘中野梓1983,542,285,4049,f,其他,
2920059920,专家谷本夏1990,545,346,4088,f,其他,
2919285942,02电编建安1993,532,195,4141,m,其他,
1582871242,在江湖高雅,551,383,4221,f,山东 东营,
2803355112,honey木之坂雾乃,497,249,4170,m,其他,
2919419690,14岁看ELLE曼文1983,520,354,4079,f,其他,
2803029600,black黄金archer,438,332,4173,m,其他,
2919276182,07文编秀婉1994,568,295,4033,f,其他,
2919501404,18只cp翰学1984,412,238,4070,m,其他,
1583370381,大美人华采,63,206,2524,m,四川 眉山,
2805316364,关于岩濑恭子,545,336,4200,m,其他,
2054721575,辉1969,73,155,881,f,北京,
1886892422,吞吞在加速,332,316,709,f,海外 德国,真性情，做自己！
2919598710,22的射手红艳1992,525,282,4044,f,其他,
1778361945,18岁的华池Whitney,568,424,4156,f,浙江 舟山,
1726383413,依美Becky,43,246,2515,f,上海 普陀区,
1583167131,大姑娘嘉年,472,350,4254,m,广东 汕尾,
2919812332,coolgirl苇原千寻1987,404,283,4052,m,其他,
1439658903,热带鱼2002,543,374,4211,f,北京 崇文区,
2919618780,263聊天室霞文1994,516,285,4021,f,其他,
2919612290,24年减肥史承嗣1995,485,283,4046,f,其他,
1777200010,18岁的俊力Amy,542,363,4093,m,台湾,
1140590423,18岁的涵容,497,388,4216,f,四川 成都,
2920506822,在唱歌阿斯兰1984,630,251,4010,m,其他,
1777191832,18岁的俊侠Losa,523,343,4145,m,吉林 松原,
1949729710,滁州国生邬郑沆小海尔,196,300,995,m,安徽 滁州,我就是邬郑沆小海尔,其他自己想.
1778407462,18岁的华采Call,537,418,4165,f,重庆 铜梁县,这个家伙很懒
1777507562,18岁的俊晤Macy,449,392,4114,f,广西 北海,
1589654383,彭娜高档,518,316,4147,m,云南 昆明,
2039500284,Take_You-,188,449,5606,m,上海 宝山区,我 在这
1725763701,零度面,516,409,4180,f,云南 昭通,
1247632982,小耶80,184,216,2307,m,其他,心小不容蝼蚁，胸阔能纳百川。顺境淡然，逆境泰然。
1727973834,俊杰Vivien,565,370,4144,f,辽宁,
1778285890,18岁的冠宇Maya,539,319,4159,m,吉林 吉林,
2313700774,爱晚霞的新家,249,1195,268,m,浙江 杭州,
2557200184,SanZhua14,246,155,200,f,广东 深圳,
2385737873,风起云涌958,230,1177,368,m,西藏 山南,
2553587484,Cen新珍,222,195,278,f,天津 蓟县,
2477658282,刘桂玉儿,219,2319,470,m,北京 丰台区,
2559255324,席利阳,235,160,304,f,江西 鹰潭,
2346229843,天蝎索芙特虎,196,2733,1348,m,北京 丰台区,
2558615590,蜜桃汁05983,97,137,253,f,吉林 白城,
1780353162,奚大益,287,5586,1399,f,上海 浦东新区,
2543035501,在水灬何方,1986,130,323,m,安徽 淮北,听好，如果你是客户，当你的广告公司告诉你“先做对再做好”，立刻fire他！
1744214344,海尔电视,142,208691,10463,f,山东 青岛,
2178992130,悄然绽放-bluerose,122,79,810,f,云南 昆明,宁静、祥和、温暖
2964208850,创意100探索者,55,66,291,m,山东 青岛,文化创意产业的拥护者,观察者,参与者,记录者.
2803840620,sweet六面兽,547,279,4154,m,其他,
2803271390,forever凌剑双子,532,305,4123,m,其他,
2790095440,2HS婉容,49,155,2465,m,其他,
2790094912,宝宝鸦取真弘,46,147,2463,m,其他,
2789748572,10Kumen芳蔼,504,263,4126,m,其他,
2789825930,11届三职业制冷嘉年,522,253,4080,m,其他,
2789775704,113中学高一5庆雪,506,213,3400,m,其他,
2789712514,大魔王狱寺,555,226,4187,m,其他,
2789768614,qpzmwoxn13742,529,366,4075,m,其他,
2789806082,10服行承嗣,468,263,4200,m,其他,
2789759164,天堂建良留姬,565,303,4108,m,其他,
2789757720,天堂黑魔导女孩,540,263,4018,m,其他,
2789799180,10届高一十班飞雪,514,312,4208,m,其他,
1264453983,拜金女兜兜,166,3152,691,f,上海 黄浦区,喜欢漂亮，喜欢自由，永远自信
2449073531,放了心性,277,173,77,m,河南 濮阳,
2449059011,车轮天,361,262,87,m,辽宁 鞍山,
2513109502,东柄柄,288,212,86,m,湖南 衡阳,
2439588993,梦相之南,316,203,87,m,江苏 苏州,
2448158191,仓天的笑,267,192,93,m,河南 开封,
2010881972,daqi洁zi,118,11,107,f,广东 深圳,
2448740553,水芒汇,300,204,94,m,河南 开封,
2447685035,情况紧极,276,178,87,m,河南 开封,
2790052682,宝宝成濑川奈留,475,286,4131,m,其他,
2790094964,宝宝入江奏多,44,149,2473,m,其他,
1691999170,灯草虫Oe,331,371,1748,f,云南 保山,满天繁星是灯草虫的披衣。
1245768327,桃心宝剑,72,67,318,f,天津,to be a super girl
2573251450,庞若菱,99,53,39,m,台湾,
2573240884,澜栅下的烟,97,60,45,f,四川,
2548909762,喵喵冷傲的化妆,158,140,51,m,广东,
2489963151,凄然B落花,133,128,87,f,天津,
2487380135,悲伤式2003,65,183,96,f,天津,
1882432504,随缘雨相,192,166,2584,f,上海 浦东新区,做一个简单快乐的人~~~
1975286643,佩佩的猫窝,42,161,2333,f,海外 德国,
1789486244,EverForever_箫,224,374,4763,f,海外 德国,红家饭蘑菇 天下饭唐箫
2536581012,起点121的夏天,207,119,58,f,贵州,
2012911751,阿清Rose,111,183,2311,f,海外 德国,水流月不去，月去水还流
2504052871,喜气洋洋小媳妇,78,912,13834,f,辽宁 大连,简简单单的享受自己的小生活
2536351120,真心想你oo,213,133,68,m,辽宁,
2536297312,凯凯2002的围脖,185,122,70,m,海南,
1853817811,Super_man不会飞,132,269,1613,f,湖北 武汉,有人爱，有事做，有所期待。
2844612277,O龙湮O,275,282,1588,f,云南 文山,自杀前，一定要买保险
2844929145,武艺莪萘妳,441,277,2659,m,海南 其他,无病呻吟，纯粹找刺激
2932022450,一迷上天蝎0,288,201,1319,m,北京 顺义区,要不断的请教成功者，学习他们成功的方法
2964725444,有一幸,198,284,964,m,台湾 其他,结婚的日子定了、人没定。。
2741470345,滕州农保,193,218,1576,f,山西 朔州,我站得太久说的太久了我自己都累了，你怎么还是听不懂？我写的太多了写得太久了我自己都累了，你怎么还是看不懂？
2927904187,出售章子松树塔,156,219,1625,f,贵州 黔东南,抽烟的女人正在等一个劝她戒烟的男人。
2927974243,唐宋多,191,291,953,f,河北 张家口,只爱问情水
2927904863,意雪灵,437,286,1930,m,山西 晋中,巨大的月亮像是一个精美的布景，整个上海都被笼罩在这个布景下面
2931991582,乔丛云,374,204,1425,m,澳门 其他,自以为聪明的人，往往是没有好下场的，世界上最聪明的人是老实的人，因为只有老实人才能经得起事实和历史的考验
2931977462,梦滴MJ,37,33,39,m,四川 攀枝花,我想，有些事情是可以遗忘的，有些事情是可以记念的，
2927973773,为深入,257,270,3909,f,天津 宁河县,这辈子有你在身边,不离开，不放手,不绝望
2741287743,秀儿的秀儿,460,261,1505,f,河北 邯郸,•人都是思变的动物，天仙美眷也留不住完整一世的爱！
2844927625,偶会佳境二本,163,206,1038,f,江苏 泰州,擦了五年玻璃后……
2844651335,小狗乖乖yy,169,151,1353,m,海外 加拿大,事业是生命之盐
2932023560,李炫一针,444,211,1031,m,河北 廊坊,终于和你一起恋爱了，闹钟响了我醒了。
2932023844,姜潮家的李宇春,187,185,1230,m,湖北 武汉,三个人的爱情太挤迫,撰择离开你,是因为不想被你的贪婪抛弃!
2741266033,谢婉秋1,260,274,1786,f,天津 河东区,我想，每个人生命里应该都有那样一个人，无论何时想起他来都想哭，会觉得难过和遗憾哪怕过去很久很久，只要看见他，还是会泪流满面
2927974143,獾兜儿,189,271,1114,m,北京 丰台区,君子记恩不记仇，小人记仇不记恩；最适用的团队文化，就是为人处世的文化；
2927977303,赞扬新社会,184,217,1402,f,台湾 其他,要正直地生活，别想入非非！要诚实地工作，才能前程远大
2964703360,你YY大,353,173,1734,m,甘肃 平凉,谈到名声、荣誉、快乐、财富这些东西，如果同友情相比，它们都是尘土……
2928668105,心翔事陈py,343,186,1381,m,青海 海北,见思想如见其人，见知识如见其思
2844900185,自信被丑强尖了,477,339,2643,m,安徽 阜阳,有缘无分
2964726150,童趣丫,176,200,1243,m,上海 浦东新区,婚姻好比琢玉,比的不是谁的玉好,而是谁花的心思多,谁的雕工独到
2741575367,民予,191,180,1932,m,江苏 无锡,女人，喝醉的时候想的第一个人，便是伤她最深的
人。
2927907617,天海一色ana,278,306,1420,m,广东 潮州,亲、像我这么傻的人，永远对我来说就是永远。所
以，我会一直爱着你，现在，永远
2928674011,爱的插曲w,143,202,1181,f,上海 南汇区,青年人先可以将中国变成一个有声的中国：大胆地说话，勇敢地进行，忘掉一切利害，推开古人将自己的真心话发表出来
2928735701,Lina欣欣,411,339,1208,f,四川 广安,不要有了爱情就忽略一切　爱情不是平等的　他她不
可能一心只用在你身上。
2964736140,c来胜,392,175,1505,m,河南 新乡,•一个心中有爱的女孩子，能够把男人身上所有的“坏”都自我加工成“好”！
2844884943,孤独的石头城,426,276,1604,f,江西 新余,你生活在一个可以没有我的世界，我居住在一个只有
你的天空。
2927906277,是爱玉人,284,195,1678,m,湖北 襄阳,所说的生活 只言片语 很随意 ∝
2844897935,小羞y_猫罐头,244,248,1053,f,江西 九江,曾经说过的一辈子，现在  只是过眼云烟 。
2741288597,战斗吧许小树,199,182,1317,f,河北 承德,亲爱的，假如有一天我消失了，你会在家流着泪等我
么、
2844644665,强哥我是橙橙,368,188,1453,m,甘肃 金昌,青城突然想起,或者,自己的名字,就是倾城的意思,倾城自然人空.青春还来不及开始,就这样局促的结束了.
2931975070,超超爱梅,181,158,1549,m,湖北 荆门,时间会刺破青春的华丽精致，会把平行线刻上美人的额角，会吃掉稀世珍宝，天生丽质，什么都逃不过他横扫的镰刀
2789826002,11届中大南方嘉淑,519,268,4036,m,其他,
2928742061,貌似我的等待,439,185,1146,m,福建 宁德,对于三十岁以后的人来说，十年八年不过是指缝间的事；而对于年轻人而言，三年五年就可以是一生一世
2741552683,伍哥丶,417,214,1754,m,湖北 随州,学问之美，在于使人一头雾水；诗歌之美，在于煽动男女出轨；女人之美，在于蠢得无怨无悔；男人之美，在于说谎说得白日见鬼
2964853124,_冷眼看清浮华_,47,27,46,m,黑龙江 鸡西,真理是我们所有财产中最有价值的，所以让我们节约吧
2741289087,情若浓时情转薄,523,223,1684,m,北京 朝阳区,历史是一面镜子，它照亮现实，也照亮未来
2741476115,我就是爱抽,259,158,1337,m,黑龙江 绥化,看不到你身边的哪些事物是关于我的，看不穿不心里
哪些文字是为了我而写。
2931944992,W刘R,199,172,1291,m,海外 俄罗斯,纪律是集体的面貌，集体的声音，集体的动作，集体的表情，集体的信念
2932025652,哈吉德烧鸡,134,200,1433,f,天津 红桥区,有缺陷的月亮因在不停地奋时，全能获得圆满的成功
2741175535,亲爱的brunce,362,313,4796,m,青海 海南,一个男人生命之中一定有很多很多的女人一个女人的生命之中也有许多许多的男人
2741548277,封铃秋夜,152,167,1334,m,山东 菏泽,﹌  我需要一份永远的爱情.
2741273677,明雪沁,151,214,1684,f,河北 邢台,勤奋者废寝忘食，懒惰人总没有时间
2928742811,陆紫怡9,227,294,1323,m,宁夏 吴忠,友谊是一根金线，把全世界的心连在一起
2964731354,叛变的东西,281,192,1858,m,河南 濮阳,有些情绪，只说给懂的人听。
就好比现在想用一些文字，诠释我的心情。
2964846394,蔡雨路,259,242,1705,f,河南 许昌,生命之灯因热情而点燃，生命之舟因拼搏而前行
2844863123,_终有太多遗憾,40,27,30,m,黑龙江 绥化,你死了，我的故事就结束了，而我死了，你的故事还长得很
2741289867,滘口校长SB,461,213,1840,m,四川 达州,君子之交淡如水，小人之交甘若醴
2741494025,_五婶最美了,160,208,1489,f,安徽 池州,朱颜远，爱浓稠
2844920101,芜湖小丫头_,161,153,1256,m,西藏 日喀则,一个人过久了，原本以为习惯了，可是越来越感到孤独，无助。
2844610187,边策吧外交大使,153,154,1486,m,江西 九江,我奉劝Google的CEO能像eBay的CEO一样，一年有半年在中国工作，这样可能会更了解中国市场，还会更有希望
2927969793,英格玛集团,297,411,3273,m,北京 朝阳区,我的世界是寂静无声的，容纳不下别人
2844922791,Power_炮神,214,280,2003,m,澳门 其他,书籍的使命是帮助人们认识生活，而不是代替思想对生活的认识
2741584983,爱你1翔,466,196,2009,m,江西 赣州,你若不离不弃，我定生死相依.
2927974063,_语嫣然,394,207,1001,m,上海 闸北区,如果习惯于说空话，最可敬的人也会失掉尊严
2741471851,林左简,186,167,1232,m,湖南 岳阳,当我选择时，不是选择正确的，而是选择不让我后悔
的。
2964730860,x是节世界,369,347,4465,m,上海 杨浦区,爱情和咳嗽是瞒不住人的
2928714025,叶冷leng,425,311,1528,m,黑龙江 绥化,生活淡淡，节日淡淡。能不能多放几天假，让我用生
活体验一下节日来？
2844737845,今朝举身赴清池,127,212,1167,f,吉林 白城,感情是最难带来温度的物质因为它不成形，因为它不持久，所以不值得信赖和依靠
2964824064,犬牌安徒生,435,225,1158,f,北京 石景山区,曾痴，曾梦；可是，残酷现实如此疼
2741565427,单车骑士ipiug,408,218,1840,m,广东 阳江,相爱恨晚
2844774605,三赎给我的重生,414,376,1835,f,黑龙江 七台河,健康是一颗空心玻璃球，一旦掉下去就会粉碎；工作只是一个皮球，掉下去后还能再弹起来
2931967164,五号公车,510,222,1685,m,云南 大理,年华似水，香消玉殒
2932011654,冰空下的爱,263,226,1562,f,吉林 延边朝鲜族自治州,对男人的考验,怎么说呢－－－－就像智力测验,目的就是想看看他到底有多蠢
2927930567,北大文学博士生,165,334,876,f,湖北 十堰,有人可能会问解放思想和改革开放还要进行多久，我可以明确告诉大家，将永不停止，一直到中国现代化的成功，到了那时也还需要解放思想
2931967544,Me老幺,183,213,2175,f,贵州 六盘水,人生有世，事业为重一息尚存，绝不松劲东风得势，时代更新，趁此机，奋勇前进
2741405393,将桂枝,253,176,3168,m,宁夏 固原,当文明遭遇野蛮时，文明将被视为懦弱，而野蛮将被视为无知
2931970664,大慧子mmmmmmm,382,170,1347,m,重庆 武隆县,管理者不承担创造知识的任务，他
2741354423,玛尼之泪,439,178,1621,m,重庆 渝中区,学问之美，在于使人一头雾水；诗歌之美，在于煽动男女出轨；女人之美，在于蠢得无怨无悔；男人之美，在于说谎说得白日见鬼
2964770460,cst我爱我自己,357,213,1430,m,澳门 其他,尹娣你给我记着、虽然这辈子不能跟你在一起了、如
果有下辈子、我一定要让你做我的女人、
2928737351,先生灬你狠man,254,336,1371,f,重庆 潼南县,人的一生早被上天注定了，就算你再努力，也不能改变自己的命运
2964793710,贴金葱字招牌,271,281,2793,m,内蒙古 通辽,你的真善美一定要遮掩住你的假恶丑。
2741589207,升班马一神话,424,284,2222,f,湖北 宜昌,突然间啊，知道了，原来你最在乎的只有你自己。
2964760050,兽伯爵,259,317,1199,m,海外 马来西亚,这就过了,过了就错了,这就叫过错
2964767480,小老鼠的小老婆,193,314,1356,f,海外 俄罗斯,躲开你的双眸
2844678453,曹孟德zf,242,307,3106,f,河北 沧州,男人看似无所不能，实际上却被身后伟大的爱情所支配统驭
2844698417,Snow武艺宝贝儿,163,204,1854,m,香港 其他,爱情、希望、恐惧和信仰构成了人性，它们是人性的标志和特征
2741267041,安吉小会计,228,275,1902,m,福建 宁德,每个人一辈子往往只在说很少的几句话。
2931966484,丿丶翔酱,447,219,1111,f,湖南 岳阳,再好的，再坏的过去，也已经过去了，和现在的我们
无所相干。
2928685381,蒍爱陳鴹,458,303,953,m,吉林 长春,读书不趁早，后来徒悔懊
2931966012,我sh1真相帝,265,199,1269,m,吉林 四平,革命理想，不是可有可无的点缀品，而是一个人生命的动力，有了理想，就等于有了灵魂
2964765190,韓丶亞熙丶,279,172,1917,m,山东 淄博,一个人在旅游时必须带上知识，如果他想带回知识的话
2964778894,郭莉敏和杜晴川,254,191,1292,m,浙江 金华,梦昙花开
2741272885,衡水妹子1,176,219,1550,f,辽宁 朝阳,到处青山山有树，如何偏起故乡情
2741315355,经贸第一,242,278,1667,m,江苏 扬州,有些男人，看上去好好的，挺正直的，里面穿着绝世好Bra，这就是性变态的一种～
2931985174,苦涩的菋道,291,186,1378,m,海外 巴西,青年永远是革命的，革命永远是青年的
2844827753,YOYO游戏,254,176,1914,m,香港 其他,不是谁离开了谁就无法生活，遗忘让我们坚强婚姻是一种生活方式，而并非结局
2928691801,新来的学弟徐,394,213,1402,m,四川 达州,一个人的价值系统也许构成他的人格的最重要的方面
2931965302,涯纸2,429,241,1712,f,浙江 湖州,连一个高尚朋友都没有的人，是不值得活的
2927954017,香橙蛋黄派2号,149,190,1606,f,江苏 盐城,曾经海枯石烂，抵不过好聚好散
2741313461,岳洪印,444,176,1740,m,河北 沧州,一个国家的绝对公理，是受着这个国家的完美的理智法律启发的
2931960394,Ms_七,266,232,1536,f,河北 石家庄,红豆不长南国，长我脸上了，真相思！
2844817063,有贤妻不惹祸,368,182,1191,m,四川 资阳,我的风度是贵族的，但我的行为却是民主的
2741414877,小磊不喜欢你了,330,291,7031,m,台湾 高雄市,和你，无关岁月
2964786874,法国风格方法规,222,239,1709,f,天津 静海县,你永远看不到我最寂寞的时候，由于在看不到你的时候，就是我最寂寞的时候！
2844785421,小猪六六六,153,155,1029,m,云南 红河,每天都会晚睡，有谁和我一样独守寂寞。。。
2931988910,莫尐瞳_Cherry,239,253,1112,f,辽宁 铁岭,想想想，想你想疯了。
2844705697,崔橙V,250,214,1674,m,陕西 商洛,快乐杂草－－抱怨那些有成就的人都有一个共同之点，那就是当他们处在情绪“风暴”中时较能自持，之所以能够做到这个程度
2964796370,Lost陌,244,250,1225,f,山东 潍坊,人的天赋就象火花，它既可以熄灭，也可以燃烧起来而逼使它燃烧成熊熊大火的方法只有一个，就是劳动，再劳动
2927928727,畦间蓝天,150,177,1136,m,澳门 其他,只缘感君一回顾，使我思君朝与暮
2964783042,你午饭,371,279,2636,m,湖南 湘潭,梦里的时间总觉得长，不过是一刹那，却总以为是天长地久，好像彼此认识了许多年，原来都不算数的
2844716393,都很会好的,268,312,1195,m,安徽 淮南,科学既是人类智慧的最高成果，又是最有希望的物质福利的源泉
2844795995,我走了狼来了,238,361,1242,f,浙江 丽水,友谊真是一样最神圣的东西，不仅值得特别推崇，而是值得永远赞扬
2964771462,馨菲飞儿,372,194,1639,m,广西 防城港,国家不幸诗家兴
2844721125,特大表嫂,464,199,1829,m,内蒙古 通辽,其实，爱情和性欲是两回事当然，当性欲和爱情都强烈时，性的体验最佳
2931983014,低迷的活着,273,225,1377,f,澳门 其他,这个也倒算了,她还拿根筷子,帮无刚:调一调,调一调
2844673093,luvian翔,245,277,1567,m,河南 驻马店,你的冷眼相看，失色了谁的眸。
2931957554,割发代首景福宫,396,424,8891,m,江西 抚州,你他妈的不得好死，生儿子不长那个什么什么的！
2927922887,猎枫民,436,178,1374,m,内蒙古 包头,有人把生命局促于互窥互监、互猜互损，有人则把生命释放于大地长天、远山沧海
2931958894,挚爱lee的容颜,305,254,1264,f,辽宁 丹东,你隐身只为等我下线，而我隐身只为等你上线
2964763870,别装嘴学舌恶心,261,293,863,f,江西 吉安,谁都没有真正的爱情，而只有一见钟情
2928706911,需求丶,243,216,1409,m,青海 黄南,每个人表达爱情的方式都不一样，只要那个人懂，不就好了吗
2964750762,腊梅一支花,439,268,1596,f,河北 张家口,爱情，有时候是一件令人意志沉沦的事情。在爱情面
前所谓的理智和决心，只不过是可笑的自我安慰
2928697185,看山看水看星空,151,180,952,m,贵州 黔东南,没有爱情的人生是什么？是没有黎明的长夜！
2741417963,枣庄滕州永,357,176,1166,m,青海 黄南,当一个人只有很有限的时间供自己支配时，他自然会花在最需要的地方不管我怎么忙、怎么累、怎么不舒服，我总要抽出一些时间和我的儿子一块玩，一块读书
2844765671,爱炜宝李,229,309,970,m,河北 邢台,有一首歌、你总会想起一个人.忧伤或快乐,庆幸的我
们还可以回忆。
2931992510,旅客如,167,151,960,m,西藏 拉萨,我的退出是为了让联想集团发展得更好
2931971694,OPiece米雅,259,240,1638,f,江苏 泰州,是我不在乎，还是我不懂得在乎、
2931969024,狂放DE魂,370,197,1820,m,贵州 铜仁,纪律是自由的第一条件
2741517733,大迅仔,279,182,1486,m,湖南 娄底,　不管恋过多少恋人，还怀念哪几任，都已经是往事
前尘，只感谢她们来丰富你人生
2844724421,纪成昆,342,199,6510,m,云南 文山,努力伪装自己，却因已放弃，忆快乐，因此纠缠不
清。
2928684835,城府jsj,200,153,1737,m,广东 珠海,当一个女子在看天空的时候，她并不想寻找什么她只是寂寞
2741352461,sakun哟,391,296,1197,m,甘肃 金昌,叮嘱自己要积极生活，澹薄名利很需要一定的技巧
2844742637,花木兰梦幻仙子,242,305,1534,m,湖南 益阳,我的悲剧，一直在上演，继续继续。
2844763297,宠物洞,190,197,1526,m,海外 新加坡,有木有那么一刻，觉着自己还是挺幸福的。
2741445337,高力lili,192,243,992,f,重庆 城口县,知道现在的你需要一个拥抱，我给你
2964802622,浅唱麽于,378,199,1632,m,广东 广州,或许有时候得不得的才是最好的。
2741272495,鸡懂鸭懂,259,200,1557,m,浙江 绍兴,感情有着极大的鼓舞力量，因此，它是一切道德行为的重要前提
2928689391,落花0梦熙,264,221,1486,m,澳门 其他,叶散的时候，你明白欢聚花谢的时候，你明白青春
2931967982,红尘石兰,436,329,1523,f,内蒙古 呼和浩特,思乡曲
2931966724,我是小少爷啦,391,183,1561,m,重庆 巴南区,要做到实事求是，有两点很重要：其一是能不能实事求是，即思维方式的改变问题；其二是敢不敢实事求是，即思想境界的提高问题
2928688631,小了壹人,334,303,3266,m,四川 甘孜,凡是伟大的天才都带有疯狂的特征
2964833200,隐形的情书,423,287,1689,f,北京 宣武区,因为我爱你，所以我自欺欺人演的也很卖力
2928696935,西瓜妮子盈,289,184,1415,m,北京 海淀区,人的活动如果没有理想的鼓舞，就会变得空虚而渺小
2931998032,迷糊王总,283,295,1508,m,广西 河池,恋爱是艰苦的，不能期待它象美梦一样出来
2964789080,黑客杀神,344,326,2817,f,北京 延庆县,夏雨……
2932003090,李海洋我爱你,177,187,1410,f,陕西 榆林,君子以文会友，以友辅仁
2741414217,流失指间的记忆,264,239,1779,f,海南 三亚,钱迷心窍总有日被钱所害，物入眼帘易使人贪物吃亏
2741346281,飞雪a漂移,401,204,2431,m,内蒙古 赤峰,我深信，会有一个男人是为受我的折磨而来到这世上的
2964761392,温仕文,245,186,1482,m,云南 文山,孤单是一个人的狂欢，狂欢是一群人的孤单爱情原来的开始是陪伴，但我也渐渐地遗忘，当时是怎样有人陪伴
2741417107,桃花大虾,357,294,1371,m,青海 海南,人的智慧掌握着三把钥匙：一把开启教学，一把开启字母，一把开启音符知识、思想、幻想就在其中
2964786754,地果0827,214,317,3978,f,西藏 日喀则,正是劳动本身构成了你追求的幸福的主要因素，任何不是靠辛勤努力而获得的享受，很快就会变得枯燥无聊，索然无味
2964763982,吾字奉先,141,197,1139,m,海南 海口,金钱可以买“伴侣”；但不能买“朋友”
2964742110,周_小荣,256,205,1753,m,四川 凉山,像蚂蚁一样工作；像蝴蝶一样生活；努力向上；及时行乐
2844794725,CHY嫒LYH,415,286,1419,f,河北 承德,如果敌人让你生气，那说明你还没有胜他的把握；如果朋友让你生气，那说明你仍然在意他的友情
2741294605,巴索洛米暴君,384,240,1608,f,黑龙江 双鸭山,有价值的生命不在于它的长度，而在于它的厚度
2931956472,没有功德圆满,229,228,2240,m,四川 泸州,草房上的碎忆
2931962230,BT创世神,298,222,1211,f,上海 松江区,懒惰受到的惩罚不仅仅是自己的失败，还有别人的成功
2927961063,大同他他,389,192,1067,m,澳门 其他,﹌有时候总是回想我们一切经历的曾经,可那段风雨的
历程却又是我最心痛的回忆！
2927927087,csol国服神人,143,184,826,f,甘肃 金昌,那些私下忠告我们，指出我们错误的人，才是真正的朋友
2964782200,烟花残败的微笑,130,193,638,f,云南 思茅,有400亩地出租。可种三七，有意者请联系13887610083
2844712213,好吧别撕了我脱,244,251,1208,f,海南 三亚,记住，关系特别不可靠，做生意不能凭关系，做生意也不能凭小聪明
2928725785,皓月曦,398,228,1644,f,海南 海口,说真话不应当是艰难的事情我所谓真话不是指真理，也不是指正确的话自己想什麽就讲什麽；自己怎麽想就怎麽说这就是说真话
2964858872,阿卡很爱卡住牙,306,300,1096,m,台湾 台北市,君子事来而心始见，事去而心随空
2931993472,Tirteen希,163,193,1033,m,安徽 池州,当初哭着分不开 、现在却都能用微笑来释怀
2931990650,庚liqi,175,198,642,m,宁夏 银川,一个人在恋爱时最能表现出天性中崇高的品质这就是为什么爱情小说永远受人欢迎——不论古今中外都一样
2931987244,泥儿飒飒,358,167,1832,m,浙江 杭州,没什么，我只是许了个惊世害俗的愿望而已
2741435741,森山老林的孩子,165,229,947,f,重庆 璧山县,在确保终身幸福的所有努力中，最重要的是结识朋友
2928689455,撕扯_Viv,173,173,829,m,福建 莆田,生活得最有意义的人，并不就是年岁活得最长的人，而是对生活最有感受的人
2927928023,佳and岐,335,171,2138,m,吉林 白城,穷神猛追“勤勉”，片刻不舍“勤勉”稍一懈怠，穷神就高奏凯歌北条团水人物指的就是具有毅力的人、勤奋的人、入迷的人和忘我的人
2931962200,B小草,498,272,1725,f,山东 青岛,没有哪个胜利者信仰机遇
2964826984,尘世小角色_,403,327,1119,f,贵州 毕节,很多人不快乐 ，因为总觉得过去太美好 现在太糟
糕  将来又太渺茫。
2931984094,奔小康1号,218,190,2243,m,山西 晋城,正确对待前人理论，学百家之长，自主创新
2741431711,jhgkhljii偶怕,260,209,1386,m,贵州 铜仁,人生如戏，全靠演技；演技再好,也只是掩（演）饰而
已.
2964783604,阴天的小彩虹,184,231,1093,f,辽宁 营口,失败了,你可能会失望；但如果不去尝试,那么你注定要失败
2931984804,破镜重圆P,408,318,1643,m,云南 玉溪,身为中国广告从业者的自觉，在欧美广告连锁事业不断扩张的现在，我们可以洞悉到，中国广告的竞争力，必须以更深广的文化群体论述为基础
2741433901,源庚_真爱永恒,176,163,1719,m,上海 杨浦区,有比快乐、艺术、财富、权势、知识、天才更宝贵的东西值得我们去追求，这极为宝贵的东西就是优秀而纯洁的品德
2931960914,对方萨斯飞,142,163,1488,m,澳门 其他,坦率地说出自己的心里话不仅是一种道德上的责任，而且还是一种令人快慰的事
2741342653,还我钱H4CK,183,192,1318,m,重庆 大足县,一夜欢醉平安夜
2928701645,飘香女侠,151,161,1457,m,香港 其他,一面墙那么大，摩托罗拉牌儿的~~看着看着没人儿了，电视出声音您所收看的电视不在服务区~~哪说理去，这块钱不白花了么
2964798322,还让活么,432,279,2092,f,广东 汕头,谚语可以体现一个民族的创造力，智慧和精神
2927957177,黎念南,170,199,1586,f,山西 忻州,友谊是一种生长缓慢的植物，它只有嫁接在彼此熟识，互相敬爱的枝干上才会枝繁叶茂
2741355277,云南昆明新汇,160,174,1218,m,台湾 高雄市,冠冕？是暂时的光辉，是永久的束缚
2927921253,迩1超爹,220,311,2286,f,江苏 盐城,女人是用耳朵恋爱的,而男人如果会产生爱情的话,却是用眼睛来恋爱.
2844736211,婷下想你,272,242,1868,f,四川 巴中,勤奋，是步入成功之门的通行证
2964835972,彼岸花開丶丶丶,182,189,1158,m,辽宁 铁岭,要成功，先研究成功学
2928689471,打芥末,301,303,2302,f,辽宁 盘锦,风吹起如花般破碎的流年，而你的笑容摇晃摇晃，成为我生命中最美的点缀，看天、看雪，看季节深深的暗影
2964866252,落腮胡男,282,249,2927,m,江西 南昌,我在科学方面所做出的任何成绩，都只是由于长期思索，忍耐和勤奋而获得的
2964787254,爪爪不要非主流,265,226,1223,f,澳门 其他,明智的人决不坐下来为失败而哀号，他们一定乐观地寻找办法来加以挽救
2741258475,河北我最大,184,195,1390,m,北京 怀柔区,身影
2964833222,Ooo_冰,175,208,1015,f,贵州 遵义,任何东西都不能以健康做交换
2844662997,杜月玥,297,283,1638,f,北京 宣武区,我是周杰伦，我来自中国
2844671277,款待盛情,446,448,3185,f,海外 日本,不能报国平天下，我是谁的丈夫!
2844673697,__soga丶,189,151,1040,m,江西 鹰潭,不要强求一个人对你低头，证明对你的感情
2932022642,张豪大色胚,178,279,952,f,安徽 宿州,勇气是靠实力支撑的，狂傲是需要资本的。
2931998890,约定好喽,196,160,1690,m,湖南 邵阳,爱有的时候是一种高尚的痛苦
有的时候是一种低级的放纵
2927936223,许氏永鑫,466,309,2135,f,陕西 西安,不喝酒，不抽烟，三年省下无数钱
2844827033,九鼎星辰,244,242,1602,f,河南 安阳,你别再放
开我的手,我承受不住你地重复伤害  ギ
2741470541,柒鋰捌鋰,361,300,1226,m,西藏 日喀则,•漂亮女人拥有天下是应当应分，不漂亮的女人夺取天下是实力超群
2932023130,可爱多azhuang,190,177,1688,m,安徽 芜湖,谦虚是最高的克己功夫
2928691185,要是我在的话,411,183,1738,m,四川 甘孜,科学地探求真理，要求我们的理智永远不要狂热地坚持某种假设
2931998812,摆摊卖寂寞Oo,236,307,1335,m,山西 大同,若常常需要早起开会,请备高分贝闹钟一个－－－－睡眠特好的人备三个.
2741346085,天天iZ想你,164,272,1790,m,河北 石家庄,如果你希望现在与过去不同，请研究过去
2927956463,那荒芜的年华_,479,227,1493,m,浙江 台州,在各种各样的谨慎中，恋爱时也许是最有碍得到真正的幸福的
2931961340,爱七dianxia,408,211,1353,m,重庆 彭水苗族土家族自治县,领导——任何一个组织重要的不是管理，而是领导领导，须有独裁为公的决断勇气
2741423237,蓝_颖,278,182,912,m,河北 石家庄,•卑微的爱，往往缺乏立场，没有立场的爱情，终归是得不到保障的
2964787422,吻蒽,183,166,1308,m,江西 九江,爱情本来并不复杂，来来去去不过三个字，不是“我爱你，我恨你，”“便是算了吧，你好吗？对不起
2964757740,Scarce嗳你,175,295,1197,f,重庆 秀山土家族苗族自治县,有些女人屁股往麻将桌子上一推，便不肯动了，这是最最无伤大雅的一种固执无论怎么样，一个人借故堕落总是不值得原谅的，越是没有人爱，越要爱自己
2844698423,我爱小空白,350,273,1326,f,澳门 其他,得之淡然。失之坦然。
2927937197,望着啊擦,277,237,1544,f,湖北 鄂州,人与人的友谊，把多数人的心灵结合在一起，由于这种可贵的联系，它是温柔甜蜜的
2928725505,我和姜潮去约会,174,260,1282,m,浙江 台州,你给我一滴泪，我就看到了你心中所有的海洋
2931984102,莂冋頭圉湢,453,222,1636,m,重庆 沙坪坝区,我以为我渐渐的会忘记，却没想到会越记越深。
2844721791,魔煞天使,426,433,4620,f,江苏 无锡,青年的敏感和独创精神，一经与成熟的科学家丰富的知识和经验相结合，就能相得益彰
2931961624,LZ死全_和谐_家,158,297,1235,m,河北 承德,相爱却又不能相守
2844800605,丨老大灬加油,207,187,1490,m,内蒙古 巴彦淖尔盟,春天的太阳甚至给那最卑微的小花也注入了新的生命
2844750845,京群群,441,378,1463,f,湖南 郴州,小姑娘们梦中都想找一匹白马，睁开眼发现满世界都是灰不溜秋的驴，悲痛欲绝后，只能从驴群中挑个身强力壮的，这样的驴就被命名为：经济适用男
2964748224,瞒天过海里的鱼,406,224,1764,f,贵州 黔南,凡事力争最好的可能性，但必须做最坏的准备做创新的科研工作更是如此
2741331933,绫惠员,264,274,1591,f,西藏 林芝,我一直在这个城市等你，可我们一直都擦身而过！来
生你能早些找到我吗？
2844737721,虚心求教中医,155,222,1617,f,江苏 连云港,醉花阴
2741296305,多萝茜宫主,547,323,4647,m,湖北 宜昌,这个世界不是因为你能做什么，而是你该做什么
2844788691,蓝蓝niii,248,260,1594,f,北京 海淀区,道德和才艺是远胜于富贵的资产，堕落的子孙可以把贵显的门第败坏，把巨富的财产荡毁， 可是道德和才艺，却可以使一个凡人成为不配的神明
2741573137,雕朽狂夫,154,165,1172,m,湖南 湘西土家族苗族自治州,勇气减轻了命运的打击
2964770532,爱醒小扬,281,338,1476,m,山西 临汾,　　-　　分手后的爱情还算爱情嘛?
2927923363,炜bobo,439,241,1410,f,香港 其他,好读书，不求甚解每有会意，便欣然忘食
2931971430,洛阳奶茶店,172,188,986,m,江苏 连云港,懒惰，像生锈一样，比操劳更能消耗身体，经常用的钥匙总是亮闪闪的
2741396813,此生皆伤,251,312,1643,m,云南 昭通,我相信我们应该在一种理想主义中去寻找精神上的力量，这种理想主义既要能不使我们骄傲，又能使我们把希望和梦想放得很高
2741339101,大步拽天涯,185,163,914,m,吉林 延边朝鲜族自治州,好像已经很久很久没有发过心情了,突然很怀念。
2741341667,谁说蛋蛋不女人,435,250,1419,f,辽宁 鞍山,初恋就是我的致命伤..有没有人忘不了初恋
2844704731,夜猫灬1,180,170,833,m,宁夏 石嘴山,一个好朋友常常是在逆境中获得的
2931991424,名ojzaa,394,224,1469,m,辽宁 营口,霸道的在乎就不是爱么？
2927932277,________嘎嘎丶,256,236,1215,f,江苏 常州,不要欺骗我！你是怎样的感受，此刻！我在乎！
2931958132,_婳婳,270,184,1768,m,上海 静安区,当别人开始说你是疯子的时候，你离成功就不远了
2931992272,赏不尽的美,177,314,966,f,黑龙江 大兴安岭,肉不琢，不成饼
2844811733,证据被完美埋藏,264,323,1267,m,江西 景德镇,不需要检查的管理是理想的管理
2928687791,安绍维,240,191,1938,m,青海 海西,男人重要旳 不昰金钱不是权利  是能够肩负起自己该
负旳责任。
2931982790,猪猪猪猪_懒猪,266,186,1479,m,黑龙江 伊春,勇气不仅仅是一种美德，而且还是各种美德在经受考验时，也即在最逼真的情形下的一种表现形式
2741286105,持续不断F,192,188,1609,m,北京 平谷区,也许有种 似曾相识的感觉、忘了我们彼此的存在、
2927929847,我知道不值得,420,219,1189,m,四川 凉山,今晚哭得特别厉害~只是没有关心的人
2741335097,3班教官,448,431,2933,m,新疆 昌吉,知识是学来的，能力是练出来的，胸怀是修来的
2964856520,井冈志士,403,189,1835,m,天津 北辰区,志向不过是记忆的奴隶，生气勃勃地降生，但却很难成长
2741345427,BaKa我一直是攻,371,370,1239,f,宁夏 石嘴山,真正的闲暇并不是说什么也不做，而是能够自由地做自己感兴趣的事情
2844670967,西湖婷,388,206,1420,m,香港 其他,有人可能会问解放思想和改革开放还要进行多久，我可以明确告诉大家，将永不停止，一直到中国现代化的成功，到了那时也还需要解放思想
2932001640,泪_决了堤,402,176,1111,m,陕西 铜川,们一起看鱼爱上鸟，猫爱上老鼠一起看恐龙青蛙看王子公主，我们看见流星飞过看铁树开花我却等不到你爱上我的奇迹！
2844768475,我嫒龙,341,350,2853,f,江苏 宿迁,在父母的眼中，孩子常是自我的一部分，子女是他理想自我再来一次的机会
2741403433,奢侈123456789,37,84,34,m,内蒙古 赤峰,理想不抛弃苦心追求的人，只要不停止追求，你们会沐浴在理想的光辉之中
2964769012,o凌星oo,188,167,1321,m,福建 莆田,习惯优于格言习惯是以有生命的格言为本能，加血添肉而成
2964755690,小威哥哥我爱你,234,167,1323,m,辽宁 锦州,智者从他的敌人那儿学到知识
2844717055,锁深秋酣高楼,274,203,1484,m,山东 威海,规章与模范会毁灭天才与艺术
2928685325,冗深,427,284,2609,m,西藏 拉萨,人才是选出来的,不是培养出来的
2844795635,为发帖注册ID,141,200,1372,m,云南 红河,心地上无风涛，随在皆青山绿树出自：明·洪自诚《菜根谭》心地：心里随在：处处喻处处以正直平和之心对待别人，将会处处得到别人以同样的态度对待自己
2931958044,一心爱心声,374,245,1723,f,广西 钦州,做企业不是做侠客
2928698291,Hi_舞小姐,271,203,1230,m,湖南 长沙,谦虚的人常思已过，骄傲的人只论
2741330425,瑶香澄,462,211,1556,m,广东 佛山,绝口不提不是因为忘记，而是因为铭记
2932002834,江山如此好多娇,222,211,1532,m,海外 澳大利亚,核心竞争力是什么？我认为是在市场上可以嬴得用户忠诚度的能力
2927934647,小电坏旧皮穿不,396,189,1475,m,天津 津南区,聪明正直者为神
2844754845,夏花_____未央,358,210,1690,m,上海 南汇区,孤单的人总是记住生命中的每一个人 所以我总是意犹未尽的想起你`` 在每个星光坠落的夜晚一遍一遍数我的寂寞
2928721135,人生苦和甜,296,200,1552,m,北京 朝阳区,“不耻最后”即使慢,驰而不息,纵令落后,纵令失败,但一定可以达到他所向往的目标
2928726531,看来是阿银,269,231,1378,f,云南 思茅,在不断的探索中，更能感到自己知识的匮乏，这正如走向海边的人比起守在湖边的人更能体会世界的伟大
2964748700,艺直伴你,182,197,1888,f,山西 太原,君子修其身于暗室屋漏之地，而声流于四方万里之外
2844738627,血腥丶夜願,369,381,2299,f,云南 玉溪,　　幸运儿并不多 若然未当过就知我为何＊
2927927243,生活交流吧,185,294,618,m,甘肃 定西,真正的爱国主义不应表现在漂亮的话上，而应表现在为祖国谋福利，为人民谋福利的行动上
2964830662,Darzy薰,162,176,523,m,贵州 贵阳,正直者，顺道而行，顺理而言，公平无私
2964781892,新余军团,225,194,1257,m,北京 石景山区,每一个不想谈恋爱的人心里都装着一个不可能的人 ！
2928701235,天国的竖琴,128,194,1941,f,新疆 克孜勒苏,爱在何方？
2844686093,巫妖王他哥哥,207,194,1468,m,广西 南宁,一没梦想，二没志气，三没信仰，四没热情，这就是典型的伪人类
2741401527,单车骑士obbla,373,194,1729,m,福建 漳州,我的戎马生涯
2927956207,oO____零,379,192,1424,m,湖北 十堰,劝君莫作亏心事，古往今来放过谁？出自：宋·佚名《名贤集》亏心：违背良心亏心之事不要作，侥幸心理不应有
2927921783,咱超赞lei,353,196,1291,m,内蒙古 兴安盟,这个也倒算了,她还拿根筷子,帮无刚:调一调,调一调
2931997872,乜爱艺宝,233,210,1627,m,香港 其他,、你走进我的生命，陪我走过最难忘的岁月，现在
却说要离开、
2844669513,墨律砚,265,205,1929,m,内蒙古 锡林郭勒盟,语文，“秘诀”有二：一是不看语文书；二是不看作文书
2844900313,我本骚人o,273,264,4807,f,浙江 宁波,曾经背叛过你的男人想回头,说不
2927933737,新疆王族,229,264,913,f,河北 衡水,他就是一盆水，倒入你的米堆里，若干年后，清水变成了醇香的酒，而你变成了一堆废弃的烂米，不是没用了，还可以拿来喂猪的
2964836762,法门人在宝鸡市,352,193,5679,m,广西 玉林,老师总是在班上很闹的时候吼我们：“你们听不懂
话？”其实，是我们不听话。
2964824060,妞妞想老,428,192,1525,m,香港 其他,如果朋友是盲人，我就从侧面看他
2844907385,太和帅哥,410,352,2309,f,云南 保山,我不求别的、我只希望能有一个我爱的爱我的、一心一意
只对我好的人、我们白头偕老…
2741411205,B雅蠛蝶,223,314,1629,f,福建 三明,爱情确实有一种高尚的品质，因为它不只停留在性欲上，而且显出一种本身丰富的高尚优秀的心灵，要求以生动活泼，勇敢和牺牲的精神和另一个人达到统一
2964796654,Jesue_小白,186,215,1386,f,台湾 高雄市,•女人都喜欢富男人的腰包、穷男人腰杆——前者是鼓的，后者是弯的
2927924163,唯飞若舞,420,252,1671,f,广西 柳州,往事随想
2964746492,高傻1,177,195,1174,f,辽宁 鞍山,我们不可能说出友谊形成的确切时刻就像向盛器滴滴灌水，最后一滴才使盛器溢满；许许多多的友善言行也是如此，最后一次才使人心领神与，情长谊源
2741272561,爱死假哥,425,277,1718,m,西藏 拉萨,世上唯一的财富是知识，世上唯一的邪恶是愚昧无知
2844789265,富豪千金小公主,138,203,1527,f,河南 新乡,狗不会瘦, 因为它不会思念人会瘦, 因为他思念着别人人总是被思念折磨，在思念里做一头可怜的流浪狗
2927937077,法家sapphire,256,173,1573,m,江苏 常州,在一切道德品质中，善良的本性是世界上最需要的
2741255855,破车站下车之旅,168,204,1559,f,浙江 杭州,线
2931956524,这就是爱hhcjq,397,207,1391,m,吉林 长春,走近双乳峰
2741394973,司小雨_,171,192,1411,m,广东 广州,爱的，不爱的一直在告别中
2964757210,小嫩晴天,241,168,1059,m,台湾 其他,把买化妆品的钱去买两本好书，漂亮的容颜固然可以让人眼前一亮，丰富的内涵却能让人经久不忘
2844806785,终有一天到米兰,366,191,1531,m,澳门 其他,那最神圣恒久而又日新月异的,那最使我们感到惊奇和震撼的两件东西,是天上的星空和我们心中的道德律
2927936057,AV顺其自然,264,234,1714,f,山东 滨州,“营销”这两个字强调既要追求结果，也要注重过程，既要“销”，更要“营”
2928689821,笨笨笨丶筱婷,444,209,1783,m,河北 承德,•坏女人引人好奇，好女人令人想到“珍藏”
2931985260,瑞丽xhpjj,442,215,1544,m,上海 金山区,羁绊 —— 陌生的脚步
2931964814,长高巴巴,200,164,1522,m,香港 其他,▏&amp;#8881;别把我当成羔羊  ⌒我不是谁的猎物 &amp;#9644; 我只是一
个无名小卒
1873968734,姑爷你鼻血流一地了,382,410,16347,m,其他,默默无闻的观众党 不会画图不会写文只会转发→ → 青黄真凛遥凛 其他西皮见标签0v0
2844872847,丿叹息,411,191,1406,m,台湾 其他,两性相爱，是人生最重要的部分应该保持他的自由、神圣、纯洁、崇高，不要强制他，侮辱他，污蔑他，屈抑他，使他在人间社会丧失了优美的价值
2964739640,贞子丶永生不死,420,223,1455,f,重庆 铜梁县,没有任何动物比蚂蚁更勤奋，然而它却最沉默寡言
2844776655,姜于胜,283,169,1411,m,四川 自贡,我以为我们会很好，我以为我有很重要。々
2964802650,淡定混海中,250,228,2094,f,海外 美国,当你身居要职的时候，不会愿意接待朋友；有一天他失意伤心，才会需要朋友同情
2741428683,那么美丽的草原,424,243,1335,f,重庆 九龙坡区,古今中外，凡成就事业，对人类有作为的无一不是脚踏实地、艰苦攀登的结果
2844936505,璟璟7,461,289,2058,f,上海 杨浦区,走的最急的是最美的景色，伤的最深的是最真的感情
2927929663,御姐受最有爱了,299,294,2640,m,甘肃 金昌,在我们未来的日子里，我们面对很多大时代变迁，我们会很积极的面对我们将来的变化.
2741388573,触摸伱情绪,170,157,1632,m,陕西 咸阳,•生活，是一个不断展示优点和暴露缺点的过程
2844867207,饭野里绘,178,173,1657,m,四川 广元,过去,童话故事是以很久很久以前````开头的,现在,童话故事是以如果我还没有结婚`````开头的,你已经过了听童话的年龄了
2931984834,爆笑X家,202,267,1554,m,辽宁 盘锦,我们都没有说话  其实心里很忐忑  我在等 等你找
我。
2964757822,炜翔武加油,165,157,1334,m,陕西 商洛,立志宜思真品格，读书须尽苦功夫
2964773534,长治商业银行,180,287,988,f,湖北 咸宁,•漂亮，也是一种思想
2844662637,二化人民,162,196,893,m,福建 厦门,往事如烟，岁月无痕，丝雨因季节的更替而越发缠绵
2964788724,淡定的我不能再低调了,1019,1073,7345,m,云南 昆明,该出手时就出手
2931992270,sdwf天空1,166,176,742,f,江西 赣州,人们喜欢带着极端的偏见在不着边际自由中使自己得到满足，这就是他们的思想本质
2964794804,很想见你呀,382,227,1863,m,台湾 其他,人和人之间，最痛心的事莫过于在你认为理应获得善意和友谊的地方，却遭受了烦扰和损害
2844734695,娜可星星,298,322,1294,m,河北 张家口,这个儿子就站在这里,这个爸爸也一定不是一盏省油的灯吧!
2741524923,魂麴,49,61,31,f,澳门 其他,一知半解的人，多不谦虚；见多识广有本领的人，一定谦虚
2931960762,不妨方便,379,196,1547,m,广东 广州,很多新的人才需要培养，但是目前
2964782774,CXV香橙,233,287,1162,m,香港 其他,用不存成见的心情和人交往，才可以交到朋友
2741401657,石愚木,152,195,1415,m,山东 聊城,在恋爱和战争中先发制人，都是天经地义的
2741486575,集体罢玩地下城,243,158,1403,m,河南 信阳,自由的土地必须一寸寸夺取
2844751341,a雨后初晴,489,192,1196,m,香港 其他,学校开除我、说明我潜力大、得去更好的地方深造
2741347137,梦8云,265,208,1315,m,海南 其他,鲜花是连儿童都能理解的语言
2964778500,一切狠帅气,432,338,2987,m,天津 东丽区,回忆这东西若是有气味的话，那就是樟脑的香，甜而稳妥，像记得分明的块乐，甜而怅惘，像忘却了的忧愁
2741395427,康伟一生一世,340,185,1879,m,上海 奉贤区,现在转业退伍军人找工作不容易政府要成立高级别的退伍转业军人就业辅导机构许多退转军人可进入大学学习管理，他们基本素质不错，毕业后肯定成为香饽饽
2844858211,卡纳瓦泡儿,271,195,1443,m,四川 绵阳,年末思绪
2741276891,方格童鞋,221,307,2344,m,澳门 其他,我相信只要音乐的本质是好的，大家还是会买正版珍藏
2928720461,禾寿,462,206,5555,m,江苏 扬州,爱是永恒，当所爱是你。
2741325565,QAQ卫生巾,414,268,1661,f,福建 福州,如果灵魂仍能研究和学习，那么没有什么比老年的空闲更快乐了……空闲存于善良的行动，人类藉着它才能在道德上、智能上与精神上获得成长
2932024890,就爱撒人来疯,212,269,1915,f,河北 承德,爱上一个人的时候，总会有点害怕，怕得到他，怕失掉他
2964794524,惰性气体WML,390,178,1238,m,江西 景德镇,每天创新一点点，是在走向领先每天多做一点点，是在走向丰收每天进步一点点，是在走向成功
2741344581,王者风度a6,190,184,1491,f,吉林 松原,相遇，不是用来生气的
2931984312,抓爆你的胸,183,272,1184,m,浙江 湖州,花瓣们已经说好 她们要一起绽放 也要一起凋谢 天使如何劝阻都没有用 他们已经说好 这辈子要一起美丽 也要一起老去
2741253665,Ms唯美狼,228,247,591,m,新疆 乌鲁木齐,记忆深处，童年的那抹身影
2741314371,好人乖1,282,264,2696,m,湖南 邵阳,如果把金钱当作爱情的化身，无疑是把爱情推向绞架
2741499343,承诺是张报纸,139,164,499,f,台湾 台北市,要爱，也得要有勇气
2928691481,春眠不知小,440,215,1349,m,江西 赣州,理智一经运用，鄙夷就失败了
2844672177,克替,37,29,39,m,云南 思茅,勇气减轻了命运的打击
2844887543,做的精彩,170,158,992,m,四川 阿坝,你走后无人刻值守的夜，打暴记忆的伤心的最虚伪。
2741269921,云上家乡,402,174,1672,m,甘肃 酒泉,对一个正直的人来说，流言是起不了作用的
2741561433,混个水饱,330,299,1460,m,广东 惠州,失败是一种教育，知道什么叫“思考”的人，不管他是成功或失败，都能学到很多东西
2931991872,腠十,227,209,1135,m,香港 其他,一个人的各种品性之中，德行是第一位的
2928705005,爱你离开你wypb,388,276,1296,f,北京 崇文区,你们朝着伟大的目标前进的理想，将是使你们勇敢地走进生活中去的鼓舞力量
2964762702,郭少啊鑫,473,240,2035,f,福建 泉州,智力比知识重要，素质比智力重要，觉悟比素质更重要
2741278095,_Well_炜_,214,199,2261,m,湖北 恩施土家族苗族自治州,所以，对他们而言，爱情是可以被替代的
2928692251,鹰飞梧桐訫,282,196,1196,m,上海 奉贤区,•女人，不害怕一段关系的结束，只害怕爱的结束
2931995402,征1途,386,182,1347,m,四川 广安,遇见你我才知道你对我多重要、
2927922097,凉儿思念,210,206,1310,f,贵州 遵义,天府遐想
2964763214,菏泽中行,231,257,1396,f,福建 南平,原來愛也可以成為y1种伤害
2931968694,ms_熏伊草,163,182,1343,f,台湾 其他,四十岁之前喝酒是为了别人的一句~~厉害！醉了！！四十岁以后喝酒是为了自己的一句~~舒服！睡了！！
2931984214,柠檬的宇宙,185,158,1536,m,贵州 遵义,■□*做宅女要有宅心钱厚的资本、
2964824280,找葡萄牙语翻译,177,265,1127,m,吉林 辽源,-说个慌骗我，我也不会那么痛。、
2932027654,ess晴,263,341,1690,f,湖南 邵阳,金质礼品会断送友谊因为赠礼者也许的确会忘记自己的慨举，但受礼者却永远会感此厚恩
2844702791,妙MIAO2,142,161,1419,m,甘肃 兰州,我拦住路上的走路那女的准备打劫，一问才知道是下岗女工，越说越可怜，最后我给她五块钱
2741550843,老子真会飞,403,188,1452,m,安徽 铜陵,太平之世无所尚，所最尚者工而已；太平之世无所尊，所尊贵者工之创新器而已
2931994644,好大的蚊子包,405,214,1741,m,湖北 十堰,•女人都喜欢富男人的腰包、穷男人腰杆——前者是鼓的，后者是弯的
2964801612,天涯悲哀,246,194,2061,m,安徽 六安,历史家可以说谎，但是历史不行
2931990254,wo真de爱you,264,178,1581,m,安徽 淮北,除了能造福于人类的工作之外，世上再也没有什么事业能真正而永久的名声了
2844916151,新疆男女女,284,185,1746,m,澳门 其他,我在等待什么，希望你的同情还是希望你能懂
2964802354,名人丶艹卜离彡,267,212,1811,m,云南 昆明,编造谎言的人撒的每一次谎不只是自杀行为，而且还是对人类社会的健康的伤害
2964755480,_七彩匣子,417,223,2303,f,广东 深圳,第二十六封
2844731091,我为爽而来,280,175,1749,m,安徽 铜陵,人们宁愿将自己的弱点和不完美之处公之于世，却不愿让人们了解自己的丑行
2741413437,絕灬論丶愛,277,296,1408,m,内蒙古 锡林郭勒盟,物质意义上的幸福生活它仅仅是个指标，而真正从内心感到安定和对于政权的认可，则来自于信仰
2844905643,9o詬_稀飯,184,165,1853,m,浙江 宁波,迁延蹉跎，来日无多，二十丽姝，请来吻我，衰草枯杨，青春易过
2927972367,轮子的气门芯,161,204,1331,f,山西 阳泉,•既来之，则安之女人结了婚就得为家庭投入
2844713967,偶滴寳噢,432,208,1966,m,上海 闸北区,我之所以能在科学上成功，最重要的一点就是对科学的热爱，坚持长期探索
2931967160,恳求高管删帖,433,307,1587,m,海南 海口,科学需要人的本部生命
2931980694,晨光闪闪烁丶,268,294,1553,m,四川 凉山,要想找到没有缺点的朋友，你就永远没有朋友
2741507867,往事是不堪回首,350,196,2053,m,上海 南汇区,能够吐出一句箴言是一种安慰吼叫是狼的安慰，羊毛是羊的安慰，白颊鸟是森林的安慰，爱情是女人的安慰，箴言是哲学家的安慰
2932025502,香河张瑞,169,191,1085,f,北京 丰台区,老板,称两斤爱情,拿回家喂狗
2844815423,米科诺斯的海,147,259,1195,m,西藏 林芝,团结就有力量和智慧，没有诚意实行平等或平等不充分，就不可能有持久而真诚的团结
2964798392,狼王Garrnet,276,257,1848,f,西藏 日喀则,情欲只求取乐，欢乐之后，欲念消退，所谓爱情也就完了这是天然的分界线，不能逾越，只有真正的爱情才是无限无量的
2741383323,何况A,445,257,1313,f,河南 信阳,爱情使人心的憧憬升华到至善之境
2741407557,曌2qhfhcbrz,269,274,1614,m,广西 贺州,那些我们曾经的记忆
2927977673,旅游团5号,185,183,1482,f,吉林 白城,冻在水池里的泥鳅
2844705147,情字终伤人,346,210,1637,m,浙江 丽水,即使说一千遍我爱你，但只要一句分手就会结束，这
就是爱情。
2844832313,枪头没子弹,252,202,1834,m,广西 钦州,听声音去寻找另一半的人是最大的傻瓜。
2741506687,清虫_Suzumushi,451,185,1704,m,陕西 宝鸡,|▍ 我始终学不会他那样三心二意，他也永远不懂得什么
叫做从一而终。 　
2844734635,vs小兵vs,304,304,1337,f,海外 菲律宾,宏 图 霸 业 谈 笑 间 ， 不 胜 人 生 一 场 
醉 。
2844870611,北京招聘保安员,249,204,5937,m,香港 其他,念念念。心里头住的内个人、挪点位置，让我也装下
我自己……
2964804124,重装_战队,463,190,1273,m,香港 其他,若你能举出一个彻底满足的人，我可以告诉你他就是个失败的人
2927923093,月下的飘逸,130,195,1215,m,浙江 宁波,最近的琐事
2844727745,筱婧专属,347,178,1692,m,澳门 其他,不会在失败中找出经验教训的人，他通向成功的路是遥远的
2844725205,珍丶傻,204,192,1198,m,湖北 孝感,我认为，与制度结合的自由才是唯一的自由自由不仅要同制度和道德并存，而且还须臾缺不了它们
2964828600,招聘信箱,200,183,1669,m,山西 吕梁,与狼共舞，必须自己成为狼，而且变成“超级狼”
2964743120,寶_耐你哒,35,18,56,m,广东 潮州,诚实比起腐败会给你赢得更多的好处
2928697325,菊花飘香jhpx,361,234,1503,f,四川 凉山,对于我来说,生命的意义在于设身处地替人着想,忧他人之忧,乐他人之乐.
2927960353,我们所有的暧昧,267,193,1423,m,黑龙江 齐齐哈尔,用户的钞票才是企业的选票，用户的口碑才是企业的金杯
2844849445,平泉好,378,279,1545,f,山西 晋城,体育和战争是最能表现民族的两种
2844771215,卍的力量卍,193,179,1308,m,西藏 拉萨,我们始终都在练习微笑，终于变成不敢哭的人
2964790980,烫伤治疗,444,283,1319,m,内蒙古 呼伦贝尔,没有知识、没有文化、没有钱的人才是白手之人而12年前的我，拥有知识，拥有信念所以，我不是白手起家
2927929787,宝莲灯守护,425,173,1617,m,江西 上饶,◆◇  在也没人 给我拥抱
2844779181,随便回号1,384,411,1792,m,广东 揭阳,不言体育而空言道德，空言智识，言者暗矣，听者心厌矣，究于事实何俾之有？
2931996902,老狐狸之路,414,181,1806,m,香港 其他,转身之后, 一片空白 ▌
2844873695,苏苏苏_夏,177,207,979,f,澳门 其他,同事的恭维就象香水,可以闻,但不要喝
2931986650,惠祥园,270,199,1534,m,上海 卢湾区,“所谓的讲真话不过是把心交给读者，讲自己心里的话，讲自己相信的话，讲自己思考过的话”
2931970160,倾醉一系红颜,431,183,979,m,江苏 泰州,富贵不归故乡，如锦衣夜行，谁人知之者
2964725820,月亮肥肥,174,318,1022,f,河南 南阳,男人一丝不苟的吸引力仅次于女人的一丝不挂
2931969852,永den5只,285,408,2668,f,海外 印度,每当我看天的时候我就不喜欢再说话每当我说话的时候我却不敢再看天
2741354421,傻傻傻u女人,456,329,1590,f,北京 石景山区,正直的人必须和正直的人为伍，因为谁是那样刚强，能够不受诱惑呢？
2931957784,古大风谜,427,312,2165,m,黑龙江 齐齐哈尔,在战士心中的天平上，国家利益永远重于个人利益
2741347397,沙发酱,223,340,1517,f,澳门 其他,时间无和私，历史无情
2964814190,没事别乱扯淡,178,197,1148,f,河北 衡水,要是以后你不会不注意地想起我，请别忘记我曾那样深深地爱过你……
2932024742,吟吟回粉4,459,297,1148,m,福建 三明,时间是检验真理的尺度
2964726710,Y灬丶DDM,255,301,2553,f,重庆 奉节县,最穷无非讨饭、不死终会出头。
2927918197,听到_泪流,152,176,1107,f,新疆 哈密,三人行，必有猪头
2741585707,仇恨亚克星,193,233,1411,f,山东 威海,我想，我会背着最爱的包包，独自一个人旅行，过着
一人世界╮
2741372407,淡淡修修,565,459,2228,f,北京 房山区,对于一个错误的诺言,你要有勇气违背它
2844677147,周星路毅,435,390,1843,f,天津 河北区,问题永远在自己身上
2927933097,冷跃伊,241,199,1759,m,澳门 其他,、等你在乎了、什么都变了。
2741441131,里小光,278,279,2251,f,湖南 长沙,外婆走了
2080490915,绿草泼水鼻翼触电,965,65,595,m,江苏 苏州,
2793452732,酩能卖把头合唱,1547,1,99,m,海外,
2741220511,寄情mmm,155,159,1074,m,广西 玉林,“我是一个中国老百姓，碍于国家民族主义，未敢从命日本人想控制上海，想尽一切办法、千方百计对杜月笙进行拉拢，杜月笙如是说
1702096491,南宁宸极科技有限公司,1349,30,158,m,广西 南宁,专业建站，移动应用手机软件开发，专注于企业级解决方案。
2962759470,名企县境榛剑心政策,678,3,64,m,海外,﹌红尘碎 伊人醉　此生君已不再归  -
1563421484,云岗续订雯树形,1827,13,81,m,海外,友谊既不需要奴隶，也不允许有统治者，友谊最喜欢平等
2346596063,顺顺LYNN皖颧,739,120,122,f,安徽 滁州,
2844762403,暗暗灰黄,426,263,1754,f,河北 保定,正直是一生之宝
1727136582,奇异会来使了用作,1865,11,90,m,海外,爱情是耗尽锐气的激情，爱情是置意志于一炬的火焰，爱情是把人骗入泥潭的诱饵，爱情将剧毒抹在命运之神的箭上
2931976544,糖果丶帅气,570,342,1975,m,辽宁 葫芦岛,我们常听到的话不表示就值得相信很可能是那些懒惰的人随口说说而已
1634718221,红红902,232,434,1547,f,北京 门头沟区,矮油～矮油～矮油～i日子过得真是矮油
1997306301,囚室缺失缺憾,949,8,58,m,海外,悠闲的生活与懒惰是两回事
2282995823,这倒陪着怪笑,1007,14,95,m,云南 昭通,一个勤奋的人虽然会因为他的勤奋而损害到他的见地或者精神上的清新与创意，但是他依然会受到褒奖
2964706000,账来账去的,452,323,2595,m,澳门 其他,不是信仰造就殉教者，而是殉教者造成信仰
2964740582,晓风破残云,392,273,1213,f,黑龙江 绥化,要是童年的日子能重新回来，那我一定不再浪费光阴，我要把每分每秒都用来读书！
2721017861,TienYow,29,12,95,m,广西 玉林,友谊就像陶器，破了可以修补；爱情好比镜子，一旦打破就难重圆
1992781892,瘦瘦的奶爸,1968,116,151,m,上海 虹口区,儿子胖胖，妈咪漂亮，幸福中
2463450514,最深本来全资睦邻,1990,8,219,m,海外,我可以为了姐妹抛弃亲情外的一切   男人算什么
1902836065,skyview007,30,41,414,m,浙江,
2817448147,路数缪斯,1426,122,108,f,北京 东城区,友谊如金钱一般，容易得到却不易保持
2928707195,无赖攻言互搞基,284,215,1447,m,北京 西城区,在爱情的问题上，往往没有谁对谁错，爱情只是一种缘分缘至则聚，缘尽则散能够结为夫妻并相伴到地老天荒，那是珍贵的不尽缘
2931950660,吃果果的婷2,408,360,1141,f,安徽 安庆,钱以外的东西，永远都还不清
2692188253,提手最妙不逊向天,1997,15,150,m,海外,为朋友死不难，难的是找一个值得为他死的朋友
1259070647,三水英子,202,2523,3831,m,重庆 万盛区,自由诗人，业余时评名家、天涯名博。诗词集《飞向未来》http://www.lcread.com/bookpage/157338/index.html
2844648971,杰轲队,286,182,1914,m,海南 三亚,人活着就要用生命去解释自己的信
1345640110,弥足折扣向来,1991,18,84,m,海外,只有真诚相待，才是真正的朋友谁要是算计朋友，等于自己欺骗自己
2484476135,我哒猫咪,156,161,74,f,贵州,
2964702874,女的没个好东西,273,207,1603,m,陕西 渭南,事业常成于坚韧，而毁于争躁
2741425531,武可思艺,184,203,1343,f,山西 晋中,爱情和战争都是不择手段的
2518206932,12钥1,175,96,73,m,贵州,
2931948434,盈画,253,179,1540,m,台湾 其他,懒惰行动得如此缓慢，贫穷很快就能超过它
2964732312,天仙站啊天仙站,166,180,1463,m,浙江 台州,我很好. 不吵闹不炫耀 不委屈不要嘲笑 也不需要别
人知道 -双鱼座
2964803284,默默_西米露,220,483,1600,m,香港 其他,你知道吗 有个你不爱的人在深爱着你
2844801815,踢弟,259,399,1483,f,江西 上饶,爱国如饥渴
2153477880,旅社英里俱都,999,2,35,m,海外,懒惰者的道路充满荆棘
2932001684,回首爱成殇,224,293,1805,f,北京 门头沟区,梦回南湖
2741453357,徘徊过___,366,359,1030,m,北京 宣武区,学校开除我、说明我潜力大、得去更好的地方深造
2485463603,S不服输的我S,93,288,753,f,福建,
2037636487,铁桶水阁单线骚动,922,3,50,m,海外,曾经你是我的全世界。
1966972933,TonyC秋陽,1352,36,142,m,澳门 其他,复活ing
1281736734,作物天命摧残,1701,11,71,m,海外,你们敬我一尺，我敬你们一丈，尊重他人人格，树立模范形象！
1362517787,级端了如何,470,2,107,m,海外,成全并不代表放弃，是自己对真爱的坚持成全你，也是成全自我的开始
2932001070,啧啧哈哈哎,243,265,1586,m,内蒙古 兴安盟,在事业的峰峦上，有汗水的溪流飞淌；在智慧的珍珠里，有勤奋的心血闪光
1638696600,焕然忆鑫,1986,14,120,m,江苏 连云港,在人才的问题上，要特别强调一下，必须打破常规去发现，选拔和培养杰出的人才
2931976072,唉悲埃,269,218,1830,m,黑龙江 齐齐哈尔,一样东西的价值在于购买者愿出多少钱
2931970912,盛夏5203,258,239,1148,f,云南 文山,马航飞南印度洋了，真希望有海洋皇宫，飞机上的人相安无事！
1647660471,MissYXR,176,215,747,f,广东 广州,动如脱兔，静若处子。
1745882253,tornto,1955,17,94,m,上海,
2516402962,下一站美丽o,108,93,73,m,海南 海口,
2927906827,qq顺时针,393,175,1471,m,内蒙古 锡林郭勒盟,遇见说过的一句话:亲爱的上帝,这并不是我心血来潮的临时许愿,为了这个目标,我从来没有放弃过,并且一直都在努力,你要相信我
1858432534,紫桑凶靈,789,8,78,f,海外,
2071623203,描金币台秀小声大概,1387,3,156,m,海外,假如你记不住你为了爱情而做出来的一件最傻的是，你就不算真正恋爱过；假如你不曾絮絮地讲你恋人的好处，使听的人不耐烦，你就不算真正恋爱过
2741269273,__欺骗童子,289,182,1601,m,海外 日本,谦者众善之基，傲者众恶之魁
2219496221,电离蹲下,656,0,43,m,海外,阴影和光线永远联系在一起，事业和人也互相分不开
2928671225,我是海狗哦,320,176,1646,m,新疆 吐鲁番,男人没有你想象的那样好，可以真爱，但不要深爱，在爱情里为自己留个退路，否则受伤时会措手不及
1661835187,沉浮旧屋,910,23,67,m,海外,每个人至少拥有一个梦想，有一个理由去坚强
2741438817,xiao锡饭,239,221,1721,m,澳门 其他,白日放歌须纵酒，青春作伴好还乡
2741269533,大濑,179,194,1937,m,四川 阿坝,抹布，工作平凡的无人问津，但默默无闻地给人以美的清净只要思想是有出息的，任何工作都有崇高的意义
1773431697,Baidu找不着哥,12,40,118,m,湖南 长沙,
1908252871,寒冰HHHHH,1021,166,253,f,内蒙古 鄂尔多斯,
2931976364,苏小涌,368,318,1331,m,甘肃 嘉峪关,累了就睡觉，醒来就微笑。
1942780820,开出啃着壬寅,1070,311,447,m,海外,原本爲了生活而去流浪，漸漸的卻芭流浪當成了生活…
2844614523,黄金小迷糊,371,192,1587,f,山西 忻州,有的人来了，有人的走了，没有谁会陪一生一世，直
到永远。
1793042840,艳东向,1450,22,69,m,海外,生命无所谓长短,无所谓欢乐哀愁,一切都会过去,向那些花,那些水
1786854143,采姑娘的彩蘑菇,18,18,104,f,海外 其他,他朝两忘烟水里
2927972673,真夜阑珊,170,229,754,f,河北 邯郸,天下钱眼儿都一样金瓶梅
2928673721,艾伦茉莉,344,189,1377,m,安徽 铜陵,失败也是我需要的，它和成功对我一样有价值
2964730904,椛筱兎,188,166,1159,m,吉林 延边朝鲜族自治州,男女之间没有纯洁的友谊
2741178581,a会哭的兔子,488,185,1283,m,海外 澳大利亚,最深刻的真理是最简单、最普通的真理
2928733875,暴走的小魔龙,260,205,1398,m,西藏 阿里,哪怕天崩地裂沧海桑田 他都不惧 只怕她不敢
2741273277,Q金花花,403,376,4032,f,河北 衡水,《数字化生存》：渐进思想是创新的最大敌人
2931947664,Q未来小子,195,199,1268,m,北京 平谷区,八月——不舍的心情
2927905673,猫痴鱼静静,227,318,1749,f,青海 海西,生活是一种充满快乐和希望的冒险的活动，这种活动是基于建设的愿望，而非保持自己的所有财产或是获取他人的财产的欲望
2931993272,金印媒体网络,189,167,1091,m,河北 衡水,•男人都是长不大的孩子，当他真的爱上一个女人时，会从心底里生出依赖感
2927902547,呈露大王八,39,103,48,m,云南 昆明,短暂的激情是不值钱的，只有持久的激情才是赚钱的
2844876603,Cc_小丸子,164,192,933,m,广西 柳州,一个不注意小事情的人，永远不会成功大事业
2844861613,阿里安心,258,252,1334,f,重庆 石柱土家族自治县,我们要做到花钱三不眨眼：孝敬老人花钱不眨眼；为铁哥们花钱不眨眼；为了学习成长花钱不眨眼
2964737442,海哭L,383,211,1049,m,黑龙江 佳木斯,老师总是在班上很闹的时候吼我们：“你们听不懂
话？”其实，是我们不听话。
2927903413,那几天雨,160,185,1924,m,澳门 其他,不想去到永远那么远，只想呆在你附近那么近
2844900971,纳微笑狠虚伪,299,233,1330,f,青海 西宁,谈话有一种魅力，就像爱情和醇酒，神不知鬼不觉地就能诱使我们说出自己的秘密
2844904115,幼稚丶小男人,275,198,2229,m,山西 太原,流程再造就是先要再造人
2741562547,君与吾相似,382,260,1239,f,台湾 高雄市,有缺陷的产品等于废品
2741264527,捍卫CHESS,391,304,1491,m,河北 沧州,成功的秘诀在于恒心
2964692754,煜庵居士海波,263,211,1494,m,云南 德宏,才能的被人认识不仅要靠才能的质量，而且也要凭才能所成就的数量
2741264853,白花花限量便当,274,176,1372,m,甘肃 金昌,可能有虚伪的谦虚，但绝没有虚伪
2931978082,满目皆是泪,427,175,1491,m,上海 嘉定区,为什么发布个签名怎么那么难呢？
2741273807,我帅_我帅_我帅,434,235,2179,f,山东 泰安,多想天天牵你走过回家的路上
2931977910,爱淘瓜瓜,301,247,1277,f,海外 俄罗斯,手指不会动了,眼泪不会流了,时间不会走了
2844653455,何加喜,254,242,1505,f,海外 巴西,总是以为死心塌地就是天堂，我插上有梦的翅膀，你却让
我迷失了方向、一次一次为你受伤、
2844657785,哓哓秀,489,279,4474,f,黑龙江 大兴安岭,希望啊希望——
2741262027,忘情湖畔,424,391,2846,m,江西 萍乡,知识是产生对人类自由的热爱和原则的唯一源泉
2741261963,独木胜,392,181,1312,m,甘肃 金昌,敌人只能砍下我们的头颅，决不能动摇我们的信仰！因为我们信仰的主义，仍是宇宙的真理！
2789748524,10KN冠军粉芳泽,495,313,4066,m,其他,
2789818172,天堂春日望美,522,277,4073,m,其他,
1677726961,滴滴里嘟噜,415,104,1353,f,北京 朝阳区,
1868498112,鼠标zZ,132,53,1044,f,湖北 武汉,你们为什么要粉我
2920011804,万花筒鹰羽二郎丸1983,526,283,4036,f,其他,
2789671732,大魔王赤尸藏人,551,301,4161,m,其他,
2470440101,欧亚正传,101,216,95,m,内蒙古,
1774950982,蔡利武,208,143,363,m,广东 揭阳,我热爱生活
2789763790,天堂藤原拓海,542,323,4084,m,其他,
2984872282,Janane,31,4,55,f,江苏 盐城,
2789801122,天堂小丝,524,291,4155,m,其他,
2789768570,天佑龙亚,501,280,4109,m,其他,
2789799560,10工三丹红,516,361,4166,m,其他,
2789799260,10届高三毕业生高义,520,265,4132,m,其他,
1925400910,ZhangJingPenny,155,193,334,f,广东 深圳,
1797355892,熊宝宝的小爪子,131,58,325,f,海外 新加坡,
2598669947,婉1994,83,56,759,f,河北 石家庄,愿得一人心，白首不分离，  *^_^*栋
2129389852,鞭扶侠,93,214,2672,f,广东 广州,属于好吃懒做型！♀的因该木有关系吧(~O~)zZ
1752086047,55胖嘟嘟55,250,477,1334,f,广西 柳州,减肥是我终身的事业！目前公司濒临破产阶断。。
2096942290,潘潘panyuehong,73,91,1264,f,浙江 绍兴,不要觉得自己不好，在某个人的心里，你什么都好！
2844845025,詹Ha,214,232,1107,f,内蒙古 阿拉善盟,俄会静静的守护你一辈子
2844875271,一汽解放润滑油,263,363,3048,m,上海 徐汇区,不要总对我温柔的笑，会让人魂牵梦萦。
2741524067,江南人家服饰,470,590,2866,f,台湾 其他,酒杯里竟能蹦出友谊来
2964790510,罪人SX,262,288,1797,m,北京 昌平区,我一路狂奔，渴望在拥挤匆忙的人群里找到一个和我相似的面孔，她和我有相似的命运我可以在她的身上看到自己命运的参照，何去何从，不再那么仓皇
2741435675,控制Y方格,175,180,1210,m,江西 宜春,诚实者既不怕光也不怕黑暗
2964726052,明天会出月亮,284,333,1494,f,内蒙古 鄂尔多斯,珍珠是不会浮在水面上的，要寻找它必须冒着生命危险潜到深水里
2964826390,我鄙视你Y卑鄙,157,186,1192,f,宁夏 银川,诗——是爱情难舍难分的姐妹感情越是含蓄细腻，高尚，人对富于诗意的求爱方式就越敏感，越感兴趣
2964723564,K别1,369,193,1415,m,山东 淄博,冷街
2928687115,1心之蕾1,304,304,1718,f,西藏 昌都,读书无疑者，须教有疑，有疑者，却要无疑，到这里方是长进
2741260845,羽梦迟歌,487,203,1503,m,天津 宁河县,毕业后
2931985520,娶妃子,446,211,1198,m,台湾 台北市,宁愿你在我怀中后悔 莫要你尝尽伤悲.
2741437311,uw限,261,193,1425,m,浙江 台州,当文明遭遇野蛮时，文明将被视为懦弱，而野蛮将被视为无知
2844698543,俄丶冭傻,199,292,1956,f,重庆 城口县,能够爱一个人爱到问他拿零用钱的程度，都是严格的考验
2932011902,濣瓳,343,190,1587,m,宁夏 石嘴山,喷泉的高度不会超过它的源头；一个人的成就不会超过他的信念
2844849451,甜点ing,264,205,1460,m,内蒙古 赤峰,“未来”是青年人的一个天堂
2964735280,稔殇Eddy,434,335,1847,f,上海 虹口区,常绿的爱情三角洲，是在真诚和信任的土地上冲刷而成的
2927919457,大额头哈特,291,204,1793,m,广西 北海,有些情绪，只说给懂的人听。
就好比现在想用一些文字，诠释我的心情。
2741515773,某个歪歪Q,258,314,1835,m,贵州 黔西南,兰芳不厌谷幽，君子不为名修
2931982910,宁_晋_人,244,236,1307,f,内蒙古 鄂尔多斯,我应当生活得仿佛我的生命完全是为了别人的利益而存在似的
2964764782,什么匿名,409,275,1304,f,江西 景德镇,应该强调，不严肃认真的教育，有许多隐患父母使自己的子女享福太早，是不聪明的
2741349173,东_云之君,43,27,42,m,福建 宁德,太多不能，不如愿，想离开，离开这个让我疼痛的你
2928684315,SB落叶归根,217,230,1776,f,云南 西双版纳,桃花潭水深千尺，不及汪伦赠我情
2741365347,璁寐,38,24,54,m,甘肃 陇南,对于学生的希望：一、自己尊重自己二、化孤独为共同三、对自己学问能力的切实了解四、有计划的运动
2741337457,李尔王wsern,270,281,1653,f,广西 防城港,故乡不能流逝的记忆
2964790854,我是弄潮,280,224,1112,f,河北 张家口,即使是痛苦的记忆，也是我们活过的印记。我们不能忘，也不该忘记
2928720841,本末置换,167,198,1059,m,云南 玉溪,科学所以叫作科学，正是因为它不承认偶像，不怕推翻过时的旧事物，很仔细地倾听实践和经验的呼声
2964722322,输了不哭啊,188,205,1700,f,四川 广元,科学是人类积累的知识的巨大宝库
2928721265,个人更投入,406,264,2443,m,广西 南宁,真正的朋友应该说真话，不管话多么尖锐......
2964759862,袖珍人征婚,153,197,1189,m,青海 黄南,天才经常孤立地降生，有着孤独的命运天才是不可能遗传的，天才经常有着自我摒弃的倾向
2928728235,XX的青梅竹马,272,388,1442,f,河北 承德,如果，这世界上真有不分手的恋爱就好了。
2928726125,习惯才自然,434,170,2159,m,河北 保定,天空爱上大地，但却离大地太远于是，每当天空想大地的时候，就会下起倾盆大雨
2932016214,慕斯绿茶MUSI,255,208,1401,m,台湾 其他,你不是我，所以你不会懂我。
2741338443,蛛丝丶易散,456,214,1067,m,海外 美国,一首歌，一句话，一个表情，一个故事
2931983812,寇桂林,483,432,3341,m,陕西 商洛,爱情需要一些忧伤和一点戏剧性的结局,那样才更显得朦胧而珍贵.
2932015994,dk_枪骑兵,191,175,908,f,广西 百色,好累好累

老天为什么这么耍我
为什么我爱的人不是我的爱人
爱实在太痛了  能不能不爱了
2844686327,及不可代,433,356,997,f,上海 黄浦区,忠实于理想这是崇高而又有力的一种感情
2741259915,吥漓bu棄,154,154,1191,m,江西 南昌,知识是勤奋的影子，汗珠是勤奋的镜子
2931957730,星野亚雅,149,175,1133,m,海外 澳大利亚,这个社会不会在意你的自尊，这个世界指望你在自我
感觉良好之前先要有所成就。
2741275841,0寻香0,173,199,1092,f,内蒙古 巴彦淖尔盟,在所有的失败中，想说俏皮话却没有说成是最大的失败，而说得拖泥带水则是更惨的失败
2931984690,夏沫扣,196,180,909,m,湖北 咸宁,有坚强的意志，才有伟大的生活
2741334837,涵寄,265,291,1502,f,甘肃 金昌,听同样的歌 时过境迁 再也不会有同样的心情 -
2844675997,天团天使你妹的,237,192,1572,m,海南 三亚,曾经相遇，曾经相爱，曾经在彼此的生命光照，就记取那份美好，那份甜蜜虽然无缘，也是无憾
2844758391,10精益求精01,243,187,2219,m,澳门 其他,我爱上的是他的脸罢了 赫赫 %
2844699213,吾璃丶贤重,171,217,1167,f,新疆 哈密,使人发光的不是衣上的珠宝，而是心灵深处的智慧
2741321275,老大_命而已,276,253,1287,f,吉林 吉林,成功决不喜欢会见懒汉，而是唤醒懒汉
2931956224,绿蕾丝铭,161,166,1764,m,浙江 丽水,爸妈放心。以后还有我
2844728481,海绵宝宝小猪猪,138,163,1280,m,贵州 铜仁,干部的目标:做超级领导，即你的领导水平达到了能够让下属在没有领导的时候仍能够正常工作形成有活力的员工，有合力的组织
2844719537,爱上对方和子女,273,325,6465,m,内蒙古 呼伦贝尔,正义的事业能够产生坚定信念和巨大的力量
2741387923,威海盲人推拿,393,282,1731,f,黑龙江 齐齐哈尔,没有信仰的人是空虚的废物，没有
2844723997,家驹灵魂版,239,191,1558,m,上海 静安区,爱情不是轰轰烈烈的誓言，而是平平淡淡的陪伴
2928688751,彭书临,173,133,928,m,河北 张家口,读书欲精不欲博，用心欲专不欲杂
2741312605,露浔烟,397,185,1213,m,山西 晋中,儿童第一步走向邪恶，大抵是由于他那善良的本性被人引入歧途的缘故
2964770360,NO伤恋,199,174,1589,m,天津 津南区,你如果不离婚就得学会自娱自乐，等着这男人对你好大概没戏你可以自己去健身，和女朋友吃饭多帮你男人花点钱，这一般能治百病
2931958744,回溯之旅四世,376,181,1830,m,澳门 其他,迎着阳光开放的花朵才美丽，伴着革命理想的爱情才甜蜜
2931966720,闫家驴肉,488,200,1911,m,广东 佛山,谦虚的人，快来，让我拥抱你们！你们使生活温和动人……你们想不使任何人感到惭愧
2931986432,_____動物園,286,201,1576,m,台湾 台北市,爱是一种甜蜜的痛苦，真诚的爱情永不是走一条平坦的道路的
2741325491,我是你老爸四代,195,209,1234,f,重庆 南川区,能帮十串钱，不把方来传
2931956480,期待小白鼠,176,191,1312,m,台湾 其他,一定要勤奋要努力，不然即使机会到身边，也一样抓不住
2844725265,我T相信,403,310,1094,m,山西 运城,你可以、用1分钟遇见一个人|用一小时了解一个人
2932014792,哥来指点迷经,243,342,1578,f,西藏 林芝,太贫歌词版...快使用双截棍.哼哼哈依~~~这就完了~你两死这了~~
2964825574,爬爬爬爬爬墙,204,173,1436,m,上海 静安区,忍耐-----肉体的小心和道德的勇气的混合
2931959534,美丽别风,231,182,1376,m,宁夏 银川,错过天使
2964769444,念羙兮,452,242,1997,f,湖北 武汉,每天看见你和阳光都在 这就是我要的未来  -
2741369703,梦瞳yy,418,265,1266,f,湖北 荆州,历史上生产资料，都是同一定的科学技术相结合的；同样，历史上的劳动力，也都是掌握了一定的科学技术知识的劳动力
2844767941,夜夜不成眠_,344,294,1958,m,西藏 昌都,无法无视你的存在
2741263205,爱是你我他玉玉,405,218,1918,m,山西 临汾,保持青春的秘诀,有颗不安定的心!
2964794582,夏忆ABC,336,267,5690,m,澳门 其他,时间是爱情的终结者，爱情是时间的死敌
2844697937,爱上是一种冒险,209,158,1630,m,天津 南开区,理想使现实透明，美好的憧憬使生命充实，而人类也就有所寄托，使历史随岁月延续于无穷
2931984410,成为小樱儿,236,182,1468,m,安徽 六安,你的扣扣在线时间那么长  为什么都是我在主动 
为什么
2964724602,史凌超,162,166,1333,m,辽宁 辽阳,要设立高标准，绝对不要接受第二流的表现
2741438035,寒桥雪溢,250,275,1730,m,青海 海北,将来中国即使发达了，但你看看那些开着豪华车的富翁们从车窗外向外吐痰、扔垃圾你就知道，如果没有教育，中国再富裕也不会强大
2964731760,万安静冰山,330,240,2541,m,山东 东营,就差一瓢水
2927957127,大婶也有春天,188,190,1595,m,浙江 金华,这个也倒算了,她还拿根筷子,帮无刚:调一调,调一调
2931959054,快乐小子郁闷蛋,39,32,36,f,广东 揭阳,每个人心里都有一个禁区。禁区通行证是自己。
1893648297,德全num48,122,286,1441,m,北京 朝阳区,每天擦地洗衣做饭，我不是宅男
2931955852,河间驴肉1,281,189,1023,m,广东 佛山,在成功中朋友认识我们，在逆境中我们了解朋友
2964764124,乌木尔,333,260,1357,f,内蒙古 鄂尔多斯,爱说誓言的男人不是好男人
2844710311,我要去爆wow吧,268,300,1761,m,广东 汕头,真理是我们所有财产中最有价值的，所以让我们节约吧
2964736154,锕__超超,241,208,1678,m,重庆 石柱土家族自治县,多庆幸 幸福人 失恋过学会安份
2927923763,M野心狼,199,171,851,f,山西 长治,有的时候我总会用尽一切办法来去换取你的安心
2844706301,Angel九月,361,252,1502,f,甘肃 金昌,　　　　　　　　　　　　- 跟爱的人吵架, 跟陌生人讲心里话
2741352127,牧场很高级,400,360,1749,f,重庆 荣昌县,　　　最难过的莫过于我给她发了一大堆眼泪儿含眼圈儿的话、结果换回来的只是一个笑脸或一句“呵呵——”
2741348253,出售犬只,121,188,501,f,台湾 高雄市,关于领导国家的艺术，自古就有这样一句格言：你什么都可以给经民，但要想再要回来就费劝了
2928686215,于小i,254,200,1676,m,浙江 舟山,我能坚持我的不完美，它是我生命的本质
2844671763,劳金頭,365,239,2617,m,内蒙古 呼和浩特,只有口喝的人才用力掘井
2741263475,_须弥__,259,197,1417,m,广东 东莞,无人敢为之声张的事业不是光明的事业
2931958172,我叫帅帅男,168,218,1123,f,湖南 娄底,我们的奋斗目标，不是长寿，而是活得正直
2964778930,那_我一直相信,269,185,7112,m,新疆 克拉玛依,企业家必须崇尚先做事后做人当你企业成功的时候，才有资格说先做人后做事你如果大成的时候，像李嘉诚这样，才能只做人不做事
2928689575,热血汉尼拔,294,192,1525,m,北京 平谷区,少女
2964769252,S斑驳往事S,221,209,1486,m,青海 海北,我也希望明天不必起床，不必再应付生活上大大小小的事情，不必再扮着笑脸
2964824362,寻大款,198,278,614,m,广西 梧州,我们与竞争对手最大的区别就是我们知道他们要做什么，而他们不知道我们想做什么我们想做什么，没有必要让所有人知道
2927921223,奶奶个胸真大,159,325,1124,f,陕西 延安,我祈求，请不要把他引上平静安逸的道路，而要把他置于困难和挑战的考验和激烈之下让他学会在暴风雨中挺立，让他学会对那些失败者富有同情心
2927923437,出售啊貂皮,176,209,1048,m,四川 眉山,夜晚读着和你的聊天记录 我哭了、狠狠的哭了
2844729751,舞栋栋,308,215,1402,m,吉林 吉林,明明知道心里喜欢的是你，却还装作没事，拿你和别
人开玩笑，这最痛苦！
2741303845,轮海第一,179,167,1422,m,四川 广安,不是我懦弱的退出 , 而是爱情还有祝福 .
2928689831,左右侧通行,246,187,1470,m,贵州 遵义,失败是坚韧的最后考验
2741324115,海之公主桥桥,274,202,1095,m,安徽 宿州,•作为女人，嫁得后悔是正常事，但嫁得后悔不代表嫁得很差劲！
2844762941,上海交大猥琐男,196,202,2000,f,海外 日本,每个人心里都有一个禁区。禁区通行证是自己。
2741345893,王倩zbfye,267,277,1734,f,江西 九江,我们在未来的门口探一探头
2927920883,某PNGNT娓剳,163,186,1118,f,辽宁 营口,☆ 这个 人体构造的问题 很深奥 要不咱回家 研究 研
究... ≥﹏≤
2964828514,夏舒子,176,186,1093,m,青海 海北,没有知识的旅游者是一只没有翅膀的鸟
2844860635,青龙来运6,311,407,3008,f,江苏 苏州,形相虽恶，而心术善，无害为君子也
2741362857,舞辰俪7,224,206,1555,m,江西 吉安,我不贪心，也不等待
2964779610,厺凵餀,236,284,1531,m,河北 唐山,谁说天下乌鸦一般黑？其实一个更比一个黑！
2844732545,你瞧这事整的,456,301,1043,f,广东 深圳,世上真不知有多少能够成功立业的人，都因为把难得的时间轻轻放过而致默默无闻
2928688935,温暖到了不解释,277,199,1083,f,河北 唐山,词穷啊
一片一片空白 像是世界就是灰色
2931963720,熙沫繁華,177,225,1168,f,海外 法国,良好的健康状况和由之来的愉快的情绪，是幸福的最好资金
2964722662,宋小祯,520,338,2386,m,香港 其他,﹌傻瓜，别急。等我明确我的心  我就答应你。
2931984542,乐橙酷,166,213,1232,f,湖南 怀化,原来我只不过是只华丽的木偶，演尽了世间所有的繁
华，才发现身后无数的金丝银线在牵动着我……
2932011634,无心翔郁,265,196,1030,m,四川 巴中,请一定要有自信你就是一道风景，没必要在别人风景里面仰视
2844769925,CF爱好者之一,169,175,1515,m,甘肃 天水,心
2844812517,么么小爻,206,178,974,f,山东 聊城,雨落
2931958240,Road__惜小君,354,215,1391,m,台湾 高雄市,事业并不错，错的只是它的低劣的实行者
2931961652,滴水檐前,270,358,1406,f,山东 烟台,人之安宅也；义，人之正路也旷安宅而居，舍正路而不由，哀哉！
2844699573,小颓妞妞,304,208,3009,m,吉林 白山,礼治君子，法治小人
2928691415,_一时任性,270,202,1228,m,安徽 芜湖,只有用人类创造的全部知识财富来丰富自己的头脑，才能成为共产主义者
2844809033,悭臾激射入少恭,286,297,1800,f,甘肃 平凉,平生知心者，屈指能几人？
2931956730,李四姑,166,158,1413,m,上海 嘉定区,好歹我也是个戴眼镜的，怎么能干这事呢？
2741279925,星颖缘,383,281,1654,f,内蒙古 阿拉善盟,成全并不代表放弃，是自己对真爱的坚持成全你，也是成全自我的开始
2844735673,彼岸A寂寞,178,192,1403,m,福建 南平,单身是无罪的，可是让别人单身就是有罪了
2844718745,慕容綾雪,200,209,1394,m,天津 河东区,原来是这样
2964768130,跳弗拉明戈蜜蜂,245,221,1280,f,台湾 台北市,#    不知道自己为什么总那么傻,总是
可以为了你,伤害自己都无所谓.
2931987612,防爆组大蜡,239,229,1334,f,宁夏 银川,我的第六个愿望就是：想和你做一辈子的朋友、20、可能是我的性格过于消极吧，只要是那些忧伤而凄美的，我都喜欢
2844688633,怵出,262,216,1203,m,黑龙江 双鸭山,世间，一个叛逆的你，就已足够。
2931982754,女人丶别靠近,164,169,1039,m,重庆 荣昌县,非关道德合，只为钱相知
2927961863,我爱小宝啊啊,391,177,1932,m,澳门 其他,因为依赖一份只有我记得的回忆，我已经长大长到可以勇敢的面对人
2741296501,野草明天,174,201,1244,m,海外 加拿大,莫道全所知、莫信全所闻。
2927927043,尊爱·鸣雏,359,182,1347,m,福建 漳州,乡间小路款款行
2964795940,超级爆6,482,202,1974,m,上海 静安区,事业并不错，错的只是它的低劣的实行者
2928723085,BBOX小笼,393,228,1800,f,江西 宜春,相思一夜情多少，地角天涯不是长
2741429081,賞櫻_卷醬丶,387,225,4553,f,陕西 商洛,五年以后还想创业，你再创业
2844771341,俺想你了吗,465,256,1316,f,海外 新加坡,原谅我没能为你做更多 我本该带给你快乐。
2844876421,小艺_加油_,453,252,1628,f,海外 法国,愚昧将使你得不到任何成果，并在希望和忧郁之中自暴自弃
2928726391,焦糖and咖啡,167,206,1271,f,贵州 黔西南,我是你转身就忘的路人甲，凭什么陪你蹉跎年华到天涯？
1162787940,Yuqine,151,229,849,f,山东 青岛,^傅小炜^            星星的孩子                    Never Give Up   好好走路                                一半洒落阴凉一半沐浴阳光
2931957062,第四纪哦瓦,348,206,1592,m,云南 迪庆,心地上无风涛，随在皆青山绿树出自：明·洪自诚《菜根谭》心地：心里随在：处处喻处处以正直平和之心对待别人，将会处处得到别人以同样的态度对待自己
2964832210,痕戒,297,236,1522,f,吉林 延边朝鲜族自治州,七月，读一份花香熏染的情怀
2741376403,能演想看,429,172,959,m,台湾 台北市,劳动最大的益处还在于道德和精神上的发展这种精神发展是由和谐的劳动产生的，它应当构成无产阶级社会公民区别于资产阶级社会公民的那种人的特质
2964724232,鲁能奥宾纳,269,218,1393,f,澳门 其他,幸福的阶梯--积极的生活
2931987692,爱你是我的全,257,222,1248,f,贵州 黔东南,我在这里 不悲不喜  等你归来
2964739064,胖仔JJhnbly,178,200,1375,m,湖南 长沙,生命里的那条戒线
2741313395,______陈载梦翔,284,264,1512,f,上海 浦东新区,成功的奥秘在于目标的坚定
2844762401,爱_情__路,181,184,1070,m,浙江 宁波,没有任何动物比蚂蚁更勤奋，然而它却最沉默寡言
2931962434,小熊二不无心,260,226,1677,f,江西 宜春,一生中，最光辉的一天并非功成名就的那一天，而是从悲叹与绝望中产生对人生挑战与勇敢迈向意志的那一天
2932012010,o花若兮o,266,282,2718,f,安徽 蚌埠,•男人爱天长地久，也爱曾经拥有~~不是男人花心，而是男人渴望全权占有！
2844750545,QI囍囍囍,445,326,1438,m,上海 徐汇区,大提琴的声音就象一条河，左岸是我无法忘却的回忆，右岸是我值得紧握的璀璨年华，中间流淌的，是我年年岁岁淡淡的感伤
2928685221,骷毁,138,191,1756,m,甘肃 金昌,小啊棋的世界只有YNC
2844675207,__慕沙,389,197,1804,m,天津 宝坻区,有没有一种没有眼泪的爱情!
2931986574,丶Comeback,176,163,1615,m,河北 石家庄,五年以后还想创业，你再创业上当不是别人太狡猾，而是自己太贪，是因为自己才会上当
2844829813,西蒙佩雷斯,277,211,1543,m,山东 威海,不谦虚的话只能有这个辩解，即缺少谦虚就是缺少见识
2844668537,名立十,164,229,1673,f,陕西 西安,撕碎点点，迷乱情浅，因果皆缘不如一醉浮华前，一笑红尘念
2964746512,画叶砂,193,215,1410,f,安徽 淮南,－CZY、KH-Little happies ，化了淡淡的妆，因为
下雨被弄花了。
1767559597,Shwea,191,85,8692,m,河北 石家庄,珍惜拥有的每一天！
2844846595,住一套可,258,189,1184,m,新疆 和田,① 畼 煙 埖 笑 ，柈 迣 亂。
2844870671,两颗曾经拥抱过,234,191,1338,m,广西 贵港,错了，乱了
2964774940,姜潮不会忘记,405,227,1418,f,台湾 其他,人生大不了就是几次沉沦
  在失去和拥有之间反复徘徊
2964758500,煤城女儿,185,166,1720,m,陕西 宝鸡,当你们吃着汉堡,  喝着可乐的时候,  你们可曾想到
你们的父母此时此刻吃的是什么?
2844766571,我信用,188,154,1029,m,广西 百色,我们都还小，不懂爱、不懂恨、不懂痛。但懂伤‖
2741276825,为爱坐天下,444,235,1392,f,湖南 岳阳,我想我总是不知道要如何去学会放弃，现在我知道其实，有些是你根本就无法掌控的，不是你不去放弃，而是你根本就抓不住
2741254781,wo爱畅永远,379,394,1580,f,山西 吕梁,总而言之，干什么都是好的，但要干出个样子来，这才是人的价值和尊严所在人在工作时，不单要用到手，腿和腰，还要用脑子和自己的心胸
2927924587,仙商母大老西烂,180,221,1485,f,内蒙古 乌海,美是真理之光，而美的阴影就是谎言
2931982634,爱沒戲,252,238,1326,f,黑龙江 大兴安岭,顾惜自己生命的人，什么事也办不成
2741284331,大笑耗子,284,323,1392,m,海外 新加坡,合该男人走运，凡是在热爱中的女人，总是被爱情迷住了眼睛，而且从来就不了解生活
2741522823,华达丶孙勇强,361,199,1744,m,海南 三亚,一切最文明的东西所具有的价值，自由都具备
2741411725,大蛋蛋巧克力,468,189,1247,m,辽宁 沈阳,读书也像开矿一样“沙里淘金”
2741396683,在永远de永远,171,298,1545,m,新疆 和田,在平庸的国度里，天才就意味着危
2927923113,J季末不寂寞,278,191,1553,m,江苏 镇江,每一个人都会开列出一张长长的清单，要求他的朋友应具备哪些美德与良好品格，但却很少有人愿照着自己的清单去培养自己的品德
2741294271,泫伊伊,255,238,1356,f,黑龙江 鹤岗,大哥，你要砸就砸我吧！
2928697821,月樱芊桦,339,231,1651,f,河南 郑州,天使的叹息
2931986554,漂流油桶,182,272,727,m,海外 印尼,他近在身旁，却犹如远在天边
2931956392,夏忆青青,284,219,2118,m,北京 通州区,我输过，我败过，但我从没放弃过
2928693525,BRS黑岩SAMA,210,294,2381,f,江苏 扬州,青春中短暂的美梦，当你醒来的时候，它早已消逝无踪
2928695725,晨炜一家,157,190,999,f,四川 成都,词穷啊
一片一片空白 像是世界就是灰色
2741280401,诺诺回粉5,185,207,1569,m,海南 海口,期待那一刻的擦肩而过
2931984134,哈尔滨翰宝,222,264,2733,m,香港 其他,我们认为下面这些真理是不言而喻的:人人生而平等,造物主赋予他们若干不可转让的权利,其中包括生命权自由权和追求幸福的权利
2844705757,徐死猛,235,285,1510,f,云南 怒江,宁叫钱吃亏，不叫人吃亏
2964766252,真正滋味,209,226,1460,m,安徽 淮南,君子淡如水，岁久情愈真小人口如蜜，转眼如仇人
2964725254,嵇康情节,156,267,1089,m,云南 迪庆,每天创新一点点，是在走向领先每天多做一点点，是在走向丰收每天进步一点点，是在走向成功
2932013462,李威草拟马,402,178,1577,m,黑龙江 大兴安岭,我由衷地想感叹我们爱时旳无忧无虑。
2964784352,暖调调__,179,262,907,m,四川 达州,科学的事业就是为人民服务
2844721251,月下鬼幽兰,260,347,1607,f,澳门 其他,送给弟弟
2928690065,家乐德商贸,147,183,1117,m,福建 宁德,祭忆流年惧
2932014402,笑意褪至唇角,157,163,1745,m,香港 其他,蜡烛如果为了青春悲泣，决不会闪耀自豪的光辉
2964788182,1柔情娆人沉醉,358,357,3533,f,四川 雅安,不要努力成为一个成功者，要努力成为一个有价值的人
2932013830,曽经的人,296,297,2959,m,香港 其他,愚蠢的人幸福是钱和官，聪明的人幸福是劳动和贡献
2931986824,牵手幸福sha,351,209,1345,m,青海 海南,没想到，你还会打电话叫我起床。
2928723451,走走看看议一议,181,187,806,m,海南 三亚,君子以其身之正，知人之不正；以人之不正，知其身之所未正也出自：宋·苏轼《私试策问》身：自己人：别人
2964825144,武艺崽,183,170,1138,m,天津 汉沽区,科学，按其本质，是历史的；历史的继承和批判，无疑是科学的重要特征之一
2741360497,中环小子,248,213,1602,m,宁夏 石嘴山,讲到名望、荣誉、享乐、财富等，如果拿来和友谊的热情相比，这一切都不过是尘土而已
2844725703,四面楚狗,151,186,1051,m,福建 龙岩,＇别好了伤疤忘了疼.
2964794742,Ey丶尛猴,167,224,1116,f,湖南 益阳,红雨
2844728417,跑吧大吧不是人,256,293,1331,m,四川 攀枝花,生活,就是这样永远占领着绝对领导的位置,当无数的傻子高呼着自己控制了生活,掌握了命运.却没看到,生活在更高的苍穹上.露出讥笑的嘲讽的面孔
2964786970,小帅张翰,256,286,752,m,安徽 铜陵,生命的滋味，无论是阳春白雪，青菜豆腐，都要自己去尝一尝啊~
2964769584,阳光来点,386,218,1723,f,四川 凉山,•既来之，则安之女人结了婚就得为家庭投入
2931965652,我要人家要嘛,171,163,1297,m,重庆 荣昌县,花都清晨
2741393067,F1狗狗,390,207,2213,m,西藏 拉萨,孩子有自己的未来，不要把大家的未来强加给孩子，否则，他们将没有未来
2844706731,秋水斋隐士,287,252,1556,f,浙江 衢州,爱就不要保留
2964786604,细节上的事,370,313,2615,m,海外 加拿大,有时候学历很高不一定把自己沉得下来做事情
2931983844,甜玉米饼干,359,257,5602,f,西藏 昌都,实践和行动是人生的基本任务；学问和知识不过是手段、方法，通过这些才能做好主要工作所以，人生必须具备的知识应该按实践和行动的需要来决定
2964832150,采花睡柳,41,33,31,m,台湾 其他,一个月总有那么30天不想学习～
2741336743,胡晓磊本人,408,227,1163,m,辽宁 抚顺,审美的感官需要文化修养……借助修养才能了解美，发现美
2741367213,行又行哪去,262,243,1260,f,澳门 其他,美便是美，没有是臭了才美！酷便是酷，没有是冷了才酷
2931982854,老娘大乔,228,267,1800,f,西藏 阿里,你想发财吗？你想交桃花运吗？你想当官吗？你想一夜成名吗？你想永葆青春吗？—-不要瞎想了，好好学习吧！
2927924487,赛鸽春秋,160,179,899,f,浙江 杭州,我的 梦想我会努力去实现。
2844716087,集散还,473,383,1624,f,重庆 沙坪坝区,最后一堂课，划好了范围，环顾四周：“怎么没人用美人计？”言罢扬长而去
2927956807,小毛线tt,428,289,2707,f,安徽 淮南,多少男生对女生说过我爱你，多少女生在这温柔谎言
里沦陷。
2844691517,随娜nana,241,179,1160,m,福建 南平,守候的本身,便是爱情,不需要任何的结果.
2844708355,陽洸瘢嘚笑嫆,275,183,1742,m,河北 石家庄,假装不爱是借口，多想你一句你别走。
2844705643,天空不纯粹_,141,199,1046,f,安徽 巢湖,美好的生命应该充满期待、惊喜和感激
2927929867,大爱海绵小宝,414,248,1563,f,广西 梧州,有没有同样可悲的人，在各自空间留言板上和对方聊着天
2741397267,小女之香香,356,252,1404,f,江苏 无锡,在爱情里选择简单化
2964793974,碧落clover3,258,243,1373,f,四川 攀枝花,(讲到莫斯科国度芭蕾舞剧团访华)我发现了一个奇异的现象，简直是人手一个千里镜，第一排也有高倍千里镜
2844705145,怂蛋小洋,174,270,1084,m,海南 其他,一个家庭要太平，要么女人牺牲，要么男人退让俩人都想占上风，那还有好？一山不容二虎
2932011710,我是准业主,282,173,1956,m,香港 其他,时间不能增添一个人的生命，然而珍惜光阴却可使生命变得更有价值
2928705465,你也配穿耐克,338,191,1639,m,湖南 永州,君子藏器于身，待时而动
2964805134,祈寿前的凄凉,287,225,1184,f,广东 汕头,等待，是幸福抑或折磨？
2964759150,aiyue悦,285,334,1772,f,内蒙古 阿拉善盟,一个好的教师，是一个懂得心理学和教育学的人
2964829624,陈翔and祥,197,174,986,m,吉林 白山,残疾人的成功通常不易招致嫉妒
2931990972,我散打阿萨德,302,312,2865,f,上海 松江区,只有耐得住寂寞和时间的煎熬，才能把自己打磨得像砖石一样，而不是只会反光的玻璃。
2741352527,Ws男儿当自强,139,197,1421,m,湖北 恩施土家族苗族自治州,宁要好梨一个，不要烂梨一筐积极肯干和忠心耿耿的人即使只有两三个，也比十个朝气沉沉的人强
2931969380,安子晟c,455,230,851,f,江西 赣州,你是离开了 你是解脱了 可是你丢下这一摊子回忆叫
我如何来收拾.?
2741353901,丫戏言,370,290,1091,m,重庆 酉阳土家族苗族自治县,上次喝多了，拿筷子当鸡爪子，吃了一根半
2932003752,学习和习学,243,312,1520,m,西藏 阿里,蔡康永经典语录：惊为天人，好像直接从蓝天大海传出来的天籁的声音我很少看到力量和青春的外表能够组合在一起，很优秀
2844762755,熊猫叫盼盼,278,251,1531,f,辽宁 辽阳,有些事 不能说不能说 一说就是错
2928724775,无敌SweET肉包,291,194,4855,m,澳门 其他,感谢明天 感谢有你
2931996580,妙哒堕落,395,241,1726,f,江苏 扬州,享受自己的精彩
2964799414,yyi翔老大,246,166,1466,m,广东 广州,他有什么好处我不知道,但是他有一个很大的缺点...我是知道的,他不爱我,这个缺点还不够大吗?
2741255725,小布叮裴志伟,354,211,1391,m,陕西 安康,实践是知识的母亲，知识是生活的明灯
2844755665,真的很杯具丶3,487,213,1365,m,河南 洛阳,作善降祥，不善降殃
2741514593,挚爱谭杰x1,294,222,1194,f,江苏 盐城,冬日娜：拿钱干什么？罗伯斯：我是出来打酱油的！
2741410781,李海瑞脸皮真厚,387,202,1776,m,广东 阳江,我们痛苦来源于爱但我们的幸福也来源于爱
2741265305,凤凰liepan,407,204,1176,f,吉林 松原,我的抱负就是我唯一的朋友
2964829604,罗传勋sb,455,226,1591,f,福建 泉州,种瓜得瓜，种豆得豆种下优惠的友情，得到仁惠的友情
2741268945,知道真相以后,156,179,1456,f,天津 津南区,名次和荣誉，就像天上的云，不能躺进去，躺进去就跌下来了名次和荣誉其实是道美丽的风景，只能欣赏只要出于同情心和面子做的事，几乎都会失败
2931961564,管好你的狗,381,295,1363,m,台湾 台北市,我们这一生，注定有很多偶遇，让我们的生活多了许多曲折
2927955803,阿海l阿海海,326,206,1197,m,西藏 那曲,好的教育是打破青年们头脑中的思维定式，使他们的智力思维像火一样燃烧起来
2844720281,suki奈,331,224,3360,m,重庆 双桥区,曾经相遇，曾经相爱，曾经在彼此的生命光照，就记取那份美好，那份甜蜜虽然无缘，也是无憾
2844728715,筱守护熙曦,162,269,938,m,西藏 阿里,你们敬我一尺，我敬你们一丈，尊重他人人格，树立模范形象！
2741430273,稥橙尛熈,243,172,1089,m,天津 红桥区,我愿做一棵植根于荒漠的绿树，在为人类作出贡献的同时，自己也获得新的生命
2931996854,当我傻子啊,174,223,1256,f,青海 玉树,高职不如高薪，高薪不如高寿，高寿不如高兴
2844749147,宇宙算了吧,354,301,1751,m,青海 海北,天才是指异乎寻常的忍耐者而言
2931984584,藏青的城堡,211,208,2197,m,澳门 其他,地洼下，水流之；人谦下，德归之
2964759294,JJ天使X,255,263,1631,f,台湾 其他,最好不要让初次约会的异性知道你住所,若对方坚持送,那么到楼下即可－－－－相信我,他不顺便上去喝杯茶也不会渴死
2928684035,Mine丶Y,168,172,1358,m,内蒙古 巴彦淖尔盟,斗争的生活使你干练，苦闷的煎熬使你醇化；这是时代要造成青年为能担负历史使命的两件法宝——
2932015790,云上龙舞,286,182,1715,m,广西 柳州,青春如初春，如朝日，如百卉之萌动，如利刃之新发于硎，人生最宝贵之时期也青年之于社会，犹新鲜活泼细胞之在身
2741439673,曦冉烟雨,253,246,1775,f,青海 黄南,道德方面的伟大，就在于对朋友始终不渝的爱，对敌人不可磨灭的恨
2927972773,数时间的丫丫,151,188,1022,m,香港 其他,不要常常计算得失－－－－那是保险公司和你的对手的事
2964865390,活跃爽歪歪汉堡,193,302,623,m,澳门 其他,如果没有人向我们提供失败的教训
2741418611,我爱geass,177,178,1304,m,广东 河源,如果在乎的结果只是悲伤 还会不会有人坚持不顾一切的守侯
2844813117,魔法手,328,385,2232,m,四川 巴中,除了音乐，我在生活的其他方面完全是个白痴　　　
2927929327,全而而而,431,209,1311,m,广东 梅州,没有教养、没有学识、没有实践的人的心灵好比一块田地，这块田地即使天生肥沃，但倘若不经耕耘和播种，也是结不出果实来的
2928719391,smile再奋斗,295,226,1513,m,广东 汕尾,我相信只要坚持最初的梦想一切就不会变
2741357335,明ssyy居,278,207,1639,m,天津 西青区,人类最伟大的品质之一便是其创造性
2931960382,郁落眉间,385,207,1622,f,黑龙江 牡丹江,美人并不个个可爱；有些只是悦目而醉心假如见到一个美人就痴情颠倒，这颗心就乱了，永远定不下来；因为美人多得数不尽，他的爱情就茫茫无归宿了……
2844698063,看乐橙香橙,389,208,1520,m,山西 吕梁,正直是最好的策略
2741411595,虎g也不行,281,285,1369,f,广西 北海,不忘记要有行动
2964762194,Sunday伦次无语,220,291,1163,m,西藏 阿里,﹌ 你留给我许多让我感动的事╮才会让我在剩下的日子里  ￢觉得世界重新变得可爱ゞ  
2927917127,新疆赵龙,371,253,1424,f,江苏 南通,你必须保持诚实的立场这时常是冒险的，这需要有勇气
2844735611,颩尘过客,297,344,2116,f,天津 北辰区,致富的秘诀，在于“大胆创新、眼光独到”八个大字
2931991082,红帽吃掉灰狼,498,224,1092,m,湖北 武汉,当一些小情绪突然爆发的时候、你会发现一切的一切
都是那么的无力、那么的无聊
2844740877,花儿的心是痛苦的,469,232,1501,f,云南 文山,这世界上没有优秀的理念，只有脚踏实地的结果
2964765282,专业顶贴员1,453,308,1028,m,辽宁 锦州,有些事情无需抬杠、表面服从偷偷反抗、
2928692101,激动分局,381,235,1664,f,山东 泰安,每个男人心里都一个不想让身边人知晓的女人。
2844676603,_虚伪丶,417,188,1413,m,四川 遂宁,孤单不是与生俱来，而是由你爱上一个人的那一刻开始
2741493635,生野阳子,299,209,1082,m,湖北 襄阳,富裕带来荣誉，富裕创造友谊，穷人到哪儿都是下人
2844879543,绝恋阿冰,404,192,1779,m,云南 昆明,这世间许多“非常的成功”是以“非常的手段”达成的，那未动手之前的战略和构想，在一起时，就注定了他们的胜利
2741288595,悲然怒气,260,216,1429,m,云南 西双版纳,真正的敏捷是一件很有价值的事因为时间是衡量事业的标准，如金钱是衡量货物的标准
2844727995,骑之驴看星星,239,293,1071,m,贵州 黔南,爱情终究不是稻草人,一味的等待只能马不停蹄的错过,爱情也需要自己去选择的,总是沉溺在这个小圈子里,自己都会失去了争取的能力.
2741560837,Gorry_高一帆,224,254,1823,f,云南 怒江,我的爱情好苦， 小沈阳说∶这是为什么呢
2741416715,轻摸三楼狗头,300,316,2515,f,湖北 恩施土家族苗族自治州,在所有的青年人眼里，父亲是多么严厉的法官啊！
2964741870,涛涛普宁,180,187,918,m,山东 威海,李荣融特别声音三：你再大的企业，老板也是伙计
2964760644,难寻吧,163,210,1519,f,湖南 张家界,▓          蹲在无人的角落 、流着泪哼唱着那首伤
感的小情歌、
2964778544,天天都在猜,163,166,901,m,宁夏 吴忠,、 看清这个世界,     然后爱它.。
2741489101,超爱艺小宝,437,202,2078,m,山东 济宁,青春就是这样脆弱到无法挽留的东西
2964767932,小强奶奶真,277,371,1362,f,黑龙江 绥化,我们很不幸地生在一个电视霸权主义的时代，电视训练着并改变着无数人的欣赏习惯，让无数人变得焦躁、轻浮、懒惰、追逐直观和直白
2964726384,不会爆炸的荷叶,151,172,1508,m,安徽 芜湖,——东 镜 西 落 放 ：恨 不 能 遗 忘
2844833853,爱既无怨,181,193,1548,m,新疆 昌吉,秋风吹
2932026044,陈翔命根子,380,347,1529,f,海外 巴西,有时候，屈辱地活着比悲壮地死去更需要勇气
2741258411,山P集团副总裁,225,195,1253,m,陕西 咸阳,深夜，伫立在大门外的老人
2964778922,Q萧十五郎,427,218,1755,m,黑龙江 大庆,徐苏阳、我会坚持每天对你说晚安。。会坚持每天说
爱你。知道你感动的那一天
2931972480,夜店最美,179,177,1230,f,福建 三明,我不是医生,也不是魔术师,但却能让音乐活起来.
2964858420,司徒氏银屏,181,296,1375,f,辽宁 本溪,- 某些人或许会忘记，但有种感觉~，一辈子也忘不了
~
2931967360,哈棒死一家,455,202,1593,m,安徽 池州,你的过去我不曾参与

但是你的未来我不会缺席
2928707975,绝世SDET,295,205,925,m,青海 海西,半城烟沙，亦是半城爱的呼吸
2741441195,成王A败寇,174,197,910,f,广西 柳州,说真话不应当是艰难的事情我所谓真话不是指真理，也不是指正确的话自己想什麽就讲什麽；自己怎麽想就怎麽说这就是说真话
2964734102,姬洛特_妖沫,448,247,1574,f,四川 成都,一个国家的绝对公理，是受着这个国家的完美的理智法律启发的
2844713731,平常先生是条狗,147,293,946,m,山西 太原,天空爱上大地，但却离大地太远于是，每当天空想大地的时候，就会下起倾盆大雨
2964738130,葛洲坝中学粉丝,181,295,831,f,甘肃 金昌,孤单的人总是记住生命中的每一个人 所以我总是意犹未尽的想起你`` 在每个星光坠落的夜晚一遍一遍数我的寂寞
2927877257,i___忆柒凄,248,201,1881,m,贵州 黔东南,，“黄老师现在在乐坛上的成就，我非常尊敬这还是没有听父母的话如果听了父母的话，现在该是什么样的成就啊
2927924413,爲何丶會流淚,160,213,1540,m,吉林 延边朝鲜族自治州,纯真的爱
2927983063,湖水黑帮浪当家,39,27,17,f,吉林 长春,视他人快乐为己乐的人，能赢得朋友；不愿闻他人荣誉的人，才会感到孤独
2931960962,志强寻你,189,248,1673,m,安徽 阜阳,我有个同伙家里有42个电视机~~他修电视机的
2741055481,雨之绿,376,227,3042,m,宁夏 吴忠,今天和你吵架了. 因为我说:我想你了,你却说:想呗.
你知道我 多想听见你说 我也想你了
2931961014,心领相通,150,156,988,m,贵州 铜仁,苦相思
2844951815,自制民歌,274,180,2040,m,吉林 吉林,乐学”，反对学海无涯苦”作舟学乐”、群乐”精神，学习是快乐的学乐精神是建立学习组织的关键
2741604693,粉色的小法音,321,296,2475,m,青海 海东,当月醒了 天晴了
2964802920,猫也是需要MJ的,183,174,1712,m,山西 阳泉,一个具有天才的性格，绝不遵循通
2741579333,烟花难易冷,192,164,995,m,上海 松江区,对不起。这本是你该跟我说的。
2741063981,边防之子,410,311,1810,m,宁夏 银川,爱情的条件是只在你的眼中看到我
2931969080,_d丫_丫_,410,206,1342,m,四川 凉山,曾经发了疯的找，拼了命的爱，如今佳人却何在
2844836213,Q唯爱武小艺,254,253,1422,f,四川 成都,有人说青春就是批判的年华，这种说法并不夸张这种批判的特点是很高的积极性和很强的原则性
2964834472,沐桃色,289,221,2785,f,香港 其他,谁若自顾快走，你别和他结伴同走；谁若对你薄情，你别把他当作朋友
2964869952,但公司发行,166,292,1402,f,青海 海南,-　　嘴 角 勾 勒 起 一 丝 弧 度 、 不 知 是 微 笑 还 是 自 嘲 。 Smile .____ ゛
2927938717,硕爱你的我,253,277,1592,m,海南 其他,一个好的男人和一个好的女人，在共患难的日子里，是一种奇怪的有四只脚和四只手的动物
2932016792,蘆葦代,270,188,2067,m,广西 桂林,力争使祖国变得更加美好的人才是最爱国的
2741287945,盛百明2,363,259,1887,f,上海 南汇区,君子但尽人事，不计天命，而天命即在人事之中
2927973847,仙五终极BOSS,389,211,1804,f,四川 泸州,空中花
2844698237,小城风气新,266,338,1596,f,海外 俄罗斯,他是谁 在哪里  别问我 我还没遇到 所以不知道。
2928747715,love陈翔的香橙,186,189,1527,f,北京 宣武区,爱如捕风，你想捕捉注定要离散的风吗？
2844831517,商快的使用者,274,275,1573,m,甘肃 金昌,做人要厚道年龄越大的人，他的可塑性越差，年龄越小的人，他的可塑性越强
2844685907,你姐哈,406,178,1755,m,四川 遂宁,生命是花，爱是蜜
2844713673,为谁落了,162,325,1199,f,山西 吕梁,别让骄傲占有你，因为骄傲会使你拒绝有益的忠告和友谊的帮助
2931990602,把酒临风石,351,213,1566,m,青海 西宁,我能抵抗一切，除了诱惑~~
2931970540,yan丶yong丶,421,206,1282,m,湖北 黄石,这个人长得一表人才，太像我了！
2927938993,残叶孤星寒,155,154,862,m,内蒙古 呼伦贝尔,人类也需要富有理想的人对于这种人说来，无私地发展一种事业是如此的迷人，以至他们不可能去关心他们个人的物质利益
2927921787,a_若枫,404,295,1372,f,江西 景德镇,每次下楼,走走道就像连跳,看见箱子就像藏后边,
2931961732,想活在现实,224,162,1111,m,云南 楚雄,家有吃货
2931994364,安幕风尘淡笑_,409,245,1296,f,海南 海口,一根油条的爱情
2844924545,空气突然按奖,338,188,1429,m,西藏 阿里,爱情越热烈、越真诚，就越要含蓄
2928696825,高志同,157,177,1094,f,河南 漯河,不知不觉爱上了，可是能跟谁说呢，早晨醒来突然发
现雨季开始了
2844799327,蓝荟倚竹,397,243,1485,f,湖北 恩施土家族苗族自治州,生命的短促，只有美德能将它留传到遥远的后世
2932011374,啊哈吴妹,267,371,2379,m,安徽 亳州,-      承诺只是一瞬间的谎言。
2928693021,雪超爱陈翔,377,258,1394,f,青海 海西,只有耐得住寂寞和时间的煎熬，才能把自己打磨得像砖石一样，而不是只会反光的玻璃。
2927921943,寜猫猫,182,170,1378,m,湖北 荆门,苟利国家生死以，岂因祸福避趋之
2844850731,事过境迁记心间,198,189,1048,m,澳门 其他,我蹲在路边，哭泣的像个孩子
2964825480,鬼巷中的人,350,297,2943,f,山西 运城,　　　　.女人、你的美丽、你的气质、你的高傲、
记得、留给一个值得的人。
2927918517,疯狂的硫,280,235,5795,m,内蒙古 巴彦淖尔盟,こ 让沉默代替所有回答.
2844806601,王责重,413,259,1168,f,安徽 宿州,﹌ 有些人珍惜了，又能怎么样
2741584323,蛋痛三十年,354,255,1360,f,海南 三亚,由预想进行于实行，由希望变为成功，原是人生事业展进的正道
2964789934,烟已湮,253,228,1406,f,海外 泰国,绝口不提不是因为忘记，而是因为铭记
2844843785,灰铁莫闻,426,279,1364,f,天津 静海县,青年人应当不伤人，应当把个人所得的给予各人，应当避免虚伪与欺骗，应当显得恳挚悦人，这样学着去行正直
2844879723,Q龙哉Q,412,249,1571,f,湖北 随州,口头的推测不过是一些悬空的希望，实际的行动才能够产生决定的结果
2844867325,食_用_菌,136,178,930,m,天津 大港区,我羡慕貂蝉和吕布 、 就因为他们曾经在一起过
2932010714,还是一个人LOVE,202,154,1659,m,香港 其他,道德并不能使面容变美，但恶习无疑使它丑陋
2927956547,实践论文,188,161,1093,m,湖南 邵阳,•让男人累心的女人必定美貌，让女人累心的男人一定多金
2928749495,何凤武,229,314,1030,m,黑龙江 大庆,据说，人只有两个选择，忙着死或是忙着活，我想我有了第三种选择：忙着等死
2964859014,武邑大花轿,252,218,1229,f,天津 红桥区,不悲伤不代表不认真，不痛苦不代表不投入，不流泪不代
表不感动，不说爱不代表没有爱。
2931983940,谁与我共演煽情,421,343,1376,f,澳门 其他,中国人几乎占世界人口的14这样大的国家、如果在文化上不能对世界有所贡献、经济上不能有较快的发展、那我们就对不住世界人民、也对不住我们的祖宗
2927953923,秋风熙日,60,19,85,m,浙江 丽水,不爱我们的女人犹如失踪者，尽管我们知道再无任何希望，我们仍然期待等待稍稍一点动静，稍稍一点声响
2741488481,十分儿会员,190,203,693,f,江苏 连云港,好的教育是打破青年们头脑中的思维定式，使他们的智力思维像火一样燃烧起来
2964836134,樱桃桃惠子,238,245,1700,f,台湾 台北市,所谓友谊，这首先是诚恳，是批评同志的错误
2844875031,张卓然and二壮,269,284,1376,m,河北 邯郸,勇气存在于自我恢复的能力之中
2741358127,丿純爺們_兒,407,390,1776,f,陕西 延安,寂寞雨纷飞，为谁滴落相思泪
2932023540,好羡慕嫉妒恨啊,436,182,1421,m,四川 攀枝花,珍惜时间就延长寿命
2844895151,梦_彼岸尽头,147,225,1491,f,海外 法国,珠宝，爱情的演说家，男人深知它能打动女人的心
2844691817,爱翔翔xx香橙,181,157,1605,m,河北 保定,▂别再叫我直肠子°你知道我讲话走路都爱绕弯子。
2931990864,秦文良,191,164,1565,m,辽宁 葫芦岛,。也许你说得对、总有一天我们都会累的…
2964731284,_夏_茉_,422,203,1236,m,天津 河西区,伪君子总爱怀疑别人的诚实
2844770425,徊菋那段情,417,289,1561,f,内蒙古 通辽,当拥有已经是失去，就勇敢的放弃。
2844939355,高工口,182,222,1202,f,安徽 铜陵,﹌迩是我痛定思痛的不得不舍   -
2844827937,所发生的风景,247,258,1126,f,江西 鹰潭,我将你的名字呼唤，在漆黑的夜晚，我觉得你的名
字，从没有这么遥远。比任何星星都遥远，比细雨还
要伤感。
2931985134,Gemini丶加隆,284,220,1574,f,浙江 绍兴,人是房子朋友就是窗子,夏送凉风,冬送阳光
2927953967,天才刘半仙,429,210,2070,m,山东 临沂,凡是姚明没进：好球！（哐~~~打铁声）唉呀，没进这球稍微大了点，虽 然没进，但是这种球就很合理，火箭应该继续坚持这么打下去
2741413035,姜潮就是我的_,256,167,1803,m,广西 钦州,你找到你的幸福离开、我却还在原地徘徊。
2844720461,莪們彼茈相,409,220,1934,m,河北 张家口,你永远是我淡淡的心疼 浅浅的忧伤
2932027482,今晚要醉了,179,197,975,f,宁夏 石嘴山,所谓友谊，首先是诚恳，是批评同志的错误
2741344157,辣椒薇,210,188,948,m,江西 鹰潭,人的知识是力量，青年应当是知识上很有力量的人
2741525183,郭霞林,203,209,1386,f,海外 巴西,道德的最大秘密就是爱；或者说，就是逾越我们自己的本性，而溶于旁人的思想、行为或人格中存在的美
2931963050,wei如若不然,287,183,1463,m,陕西 宝鸡,站在雨中、被雨洗礼、只有这样、感受才真实
2931970200,纯情美少男1,378,180,1691,m,重庆 潼南县,思念，擦肩而过的甜蜜哀愁
2844716881,天蓝旗帜,423,217,1218,m,浙江 温州,把回忆拼凑起来，将是美好的
2964837212,男女朋友带回家,292,374,2958,m,山西 阳泉,一部机器可以做五十个普通人的工作，但没有哪部机器可以完成一个伟大的人的工作
2927960023,武汉石英石刀头,433,271,2401,m,海南 其他,婚姻，若非天堂，即是地狱
2741515643,騒是一种境界,364,174,2011,m,湖北 鄂州,其实一个国家的财政史是惊心动魄的如果你读它，会从中看到不仅是经济的发展，而且是社会的结构和公平正义
2927919737,bo_婷婷,247,241,1663,f,福建 莆田,很小的一件事就会吓坏爱情，很小的件事情也会使爱情欢愉起来对爱情来说，任何事情都有意义，任何事情都可以构成吉光或者凶光
2928691091,疯狂的Tse,213,211,1539,f,云南 文山,一个人智力有问题，是次品；一个人的灵魂有问题，就是危险品经营人心就是经营事业好心态才有好状态
2964757474,失落yj,232,291,1963,m,海南 其他,一个人最大的缺点，不是自私多情野蛮任性，而是偏执地爱一个不爱自己的人结局和过程都有了，再去纠缠，连自己都觉得贪婪
2741274065,我靠不注册了丢,400,357,1248,f,海外 菲律宾,亲、为什么要抽烟？ ”——“为了等一个劝我戒烟的
人。”
2741056761,噢灬My_gad,354,193,967,m,湖北 荆门,女性，温柔的女性，当强烈的感情
2844918571,堓汐,221,289,1974,m,宁夏 银川,我们虽然不能终老,但我们曾经拥有最甜美的时光他里面有我,我里面有他,永远相思
2844930251,爱者1爱吧,261,175,1252,m,青海 海东,爱情的欢乐中掺杂着泪水
2927923497,友爱馨,278,275,2032,m,广西 桂林,我生平最高兴的，就是我答应帮助人家去做的事，自己不仅是完成了，而且比他们要求的做得更好，当完成这些信诺时，那种兴奋的感觉是难以形容的……
2741266551,yiki粉瑟de梦,281,414,1642,f,辽宁 鞍山,聪明是智慧者的天敌，傻瓜用嘴讲话，聪明的人用脑袋讲话，智慧的人用心讲话
2741366333,mei渲,316,298,1614,f,河北 沧州,℡有些事、解不开是个结、解开了就是个疤︶ㄣ
2844710853,菊乱本松,187,284,1317,m,江西 抚州,友谊是精神的融合，心灵的联姻，道德的纽结
2927931687,孤独侠子,297,230,1197,f,青海 海南,原以为自己很坚强也很浪漫,也许每一个早恋的女孩都会这么想.其实走过以后才会知道,自己承受不住那样的负荷,因为还没到那个年龄.
2928720011,__还珠格格,265,232,2154,f,香港 其他,我为生命的本身而欢喜对我而言，生命并非短暂的蜡烛它是一种光辉的火炬，此刻为我所拥有；在交给将来的世代之前，我要使它尽量烧得光亮
2964788952,七班沽酒人,241,205,1550,m,上海 南汇区,由于你不可能做到你所希望的一切，因此你就应当做到你能够做到的一切
2964764790,田铄宇彬,311,224,3600,m,江苏 徐州,不甘心只是朋友
2927966453,办理者,228,187,2065,m,云南 文山,仇恨就像是种奇异的青草，虽然能残害人的心灵，却也能将一个人的潜力全部发挥，使他的意志更坚强，反应更敏锐
2964789000,香橙an晨,410,256,1537,f,湖南 湘西土家族苗族自治州,　　不管辗转了多少个轮回 莪依旧不忘对你旳眷恋。
2964787634,犀利哥爱凤姐啊,270,198,1826,m,江苏 南通,人的意志力量可以改变我们的身体
2927924713,乔丹叫你打篮球,238,215,1479,f,江西 鹰潭,最近又胖了，打电话时一笑，脸蛋就碰能到挂机键
2844828123,多巴哥游记,169,190,1713,m,吉林 四平,猛的一看，你不怎么样 仔细一看 还不如猛的一看。
2844852425,放爱任高飞,352,270,1798,f,云南 文山,放爱一条生路，留我半世哀愁
2741338245,我是Becky幻幻,154,269,908,m,上海 闵行区,历史上生产资料，都是同一定的科学技术相结合的；同样，历史上的劳动力，也都是掌握了一定的科学技术知识的劳动力
2927931083,阿双方的积分卡,415,374,1288,f,四川 自贡,学习如果想有成效，就必须专心学习本身是一件艰苦的事，只有付出艰苦的劳动，才会有相应的收获
2932025310,_当心开始冷,194,226,1246,f,北京 通州区,我每天都在数着你的笑，可是你连笑的时候，都好寂寞
2741374107,电视台的李老师,402,206,1388,m,辽宁 本溪,我学会了，自己走
2927957653,张三疯cool,280,261,1218,f,吉林 通化,当你的朋友向你倾吐胸襟的时候，你不要怕说出心中的“否”，也不要瞒住心中的“可”
2927934627,草畔期许jzy,401,206,1438,m,广西 玉林,君子之学，博于外而尤贵精于内，
2964756900,杨慧哇,183,266,755,m,内蒙古 乌兰察布盟,-说个慌骗我，我也不会那么痛。、
2928698685,尼諾TorRes丶,172,232,1729,f,山西 运城,黄梅季节：听雨
2931957924,曲吧吧,443,291,1695,m,四川 自贡,经验显示，成功多因于赤忱，而少出于能力胜利者就是把自己身体和灵魂都献给工作的人
2741463751,失望ing为你,250,262,1312,f,浙江 湖州,||我想，我恋，我等，我恨，我忘，我忆。我挥
之不去。
2844841845,Single_C君,488,192,1337,m,广东 深圳,没有征途上的艰难跋涉，谱不出动人的友谊之歌；没有风雪中的热情偎依，燃不起不灭的爱情之火
2844733147,苏蓝亭,149,269,1276,m,天津 和平区,你是否在意过，你转身之后的我
2932013264,翔仔回眸,204,217,1163,f,香港 其他,没有十全十美，也没有人不可或缺，每个人都有这种或那种弱点当他失败时，这种弱点将会缓解他的沉痛之情
2741341145,航信选人用人,483,214,1253,m,北京 昌平区,铁公鸡还会留点儿铁锈呢，你根本就是个不锈钢公鸡！
2932020264,抚远小国,480,182,1621,m,吉林 四平,是否是越长大就越会做戏？
2964856400,未来富者,193,171,1492,m,青海 海北,彼此間很倔強的兩個人註定不能在一起,就算在一起了
也會很苦
2844868055,大巫师夜莺,179,203,862,f,湖北 随州,还有我觉得有感动过我的就是几米的几句话
2844840881,温柔倩倩定减肥,355,231,1545,f,西藏 日喀则,伤°
2927924177,忧伤的小森林,158,196,1625,f,江苏 泰州,一半的时间
2741575173,小嘉嘉g,278,241,1516,f,海外 英国,总有一天我会从你身边默默地走开,不带任何声响我错过了很多,我总是一个人难过
2964823232,亲a1翔加油,254,183,1141,m,青海 西宁,﹌一个人 一扇门 一个寂寞的时辰  -
2964819914,海鸥vs孔雀,178,227,1843,f,黑龙江 黑河,真正的谦虚，为一切美德之母
2964748092,当然是工程了,177,173,1506,m,江西 赣州,有可能我会忘记同欢乐的朋友、但我永远不会忘记
共患难的兄弟。
2931986072,下个射手座,235,177,1226,m,重庆 九龙坡区,人们往往把任性也叫做自由，但是任性只是非理性的自由，人性的选择和自决都不是出于意志的理性，而是出于偶然的动机以及这种动机对感性外在世界的依赖
2931996094,翔坚强很坚强,263,220,1284,f,宁夏 吴忠,友谊不容草率断绝，再恢复也留症结
2931957122,啊喔咦呜吁,370,226,1627,f,宁夏 石嘴山,耕耘者手上的茧花，是秋收时的谷仓；而额头上的道道细纹，则是生命的诗行
2844798063,山东菏泽窑炉,468,221,1652,m,山东 济南,执子之手，方知子丑，泪流满面，子不走我走
2964797984,萌谁不是萌啊,415,267,1360,f,天津 河东区,金子使兄弟反目；，金子使家庭不和；金子使友谊破裂；金子使国家内讧
2927925413,老大_耶稣,179,204,808,m,浙江 金华,蔡康永经典语录：惊为天人，好像直接从蓝天大海传出来的天籁的声音我很少看到力量和青春的外表能够组合在一起，很优秀
2844916093,你是暗恋我对吧,184,234,1232,f,山西 晋中,溺爱
2964756624,爱丶繁华了伤,432,230,1826,f,海外 印尼,我的祖国这几个字能激起人们无限崇高的理想
2844715971,翟家堡,288,478,1843,f,黑龙江 七台河,你没那么多观众 别那么累
2927937627,王二小第一,387,178,1495,m,山西 大同,春蚕到死丝方尽，人至期颐亦不休，一息尚存须努力，留作青年为范畴
2932010102,电脑课好,227,259,2616,m,澳门 其他,有些人，有些事，不必太在意了。
任时光去冲淡这一切..
2928699711,咱不一般TU,230,234,1347,f,安徽 巢湖,合理的安排时间，就等于节约时间
2964855760,落辣辣,396,287,1396,m,河南 三门峡,自由不在于幻想中摆脱自然规律而独立，而在于认识这些规律，从而能够有计划地使自然规律为一定的目的服务
2964770010,双子座Only1,284,203,1070,m,天津 东丽区,女人恒久地记住一个男人，也许是因为一首歌，一支舞，一个承诺男人恒久地记住一个女人，不会是因为一首歌，一支舞，更不会是一个承诺
2931988534,暗之凝,182,195,1456,m,湖北 十堰,萧、 你要开开心心的生活，因为笑可以提升免疫力… 爱你
2932001020,咳嗽特效药,403,229,1985,f,广西 百色,女人，你的名字是弱者
2844533031,精神f7c3vuvso,254,296,1585,m,吉林 松原,淡然面对生活
2844530305,倚墙待杏2,347,383,1391,f,新疆 吐鲁番,所谓友谊，这首先是诚恳，是批评同志的错误
2928737161,钟元慧,408,186,1399,m,台湾 台北市,听到一些事，明明不相干的，也会在心里拐几个弯想
到你。
2741423573,X星随杰行X,250,205,1554,m,江苏 宿迁,如果下个愚人节你还是一个人  我就告诉你一个秘密
2741463025,香橙象老大,310,185,1730,m,青海 海南,君子修其身于暗室屋漏之地，而声流于四方万里之外
2928687781,寂_瞳,419,277,2980,m,甘肃 天水,坚韧是成功的一大要素，只要在门上敲得够久、够大声，终会把人唤醒的
2932014322,WG皇儿的饭,170,269,1057,m,香港 其他,谦虚是最高的克己功夫
2931960490,O小果儿O,234,203,1386,m,内蒙古 巴彦淖尔盟,全世界无产者为什么不会团结起来
2928740285,时尚姓名贴,518,363,5553,m,江西 抚州,错误的时间遇到错的人是种悲哀
2844883237,于嫣然的分身,169,280,1628,m,吉林 吉林,人生乐事在于做自己想做的事，自由自在。
2844838811,韩小卓丶AC,272,302,1222,m,海南 海口,一个人要学习接受失败，利用倒下的时间喘气，并思考再攻击的方法——《报一箭之仇》
2932028504,九尾1狐,401,230,1916,f,澳门 其他,中断了的友谊，应当说本来就没有友谊
2844778325,韩加小妹,374,237,1646,f,陕西 商洛,-----真正喜欢你的男生喜欢看你的日志而多于看你的
照片，他想了解你的内心多一些，而不仅仅是外表
2964825434,武威打假办公室,260,185,1507,m,台湾 台北市,冬日想起春天的忧伤
2844945211,有限人生无限,191,278,1602,m,内蒙古 鄂尔多斯,相爱便相拥，即便都是为了小事，也再简单不过
2844675763,___窦立军丶,420,299,1860,f,北京 昌平区,知识是万物中的指路明灯
2931995472,明媒正娶李东海,253,187,1575,m,河南 周口,没有自我教育就没有真正的教育这样一个信念在我们的教师集体的创造性劳动中起着重大的作用
2927924043,稀里哗啦干脆点,417,286,1313,m,福建 漳州,勇气减轻命运的打击
2927920767,曜浈,199,276,767,m,北京 丰台区,-       看着身边的这个女人   ，  我只能说对
你我问心无愧   。  至于你  ，别做到我忍无可
忍  。
2844703821,于光头,325,265,2516,m,西藏 山南,交一个读书破万卷的邪士，不如交一个不识一字的端人
2964869180,篮子慵懒,144,191,1054,m,海南 三亚,教育能增加人固有的价值有素的
2927921383,欣雨碎,446,217,1037,m,广东 河源,年代的人还需要摔打，不管做任何事，要检查主观原因
2844917421,网球爱好者nan,420,284,2167,f,云南 文山,学习任何知识的最佳途径是由自己去发现，因为这种发现理解最深、也最容易掌握其中的规律、性质和联系
2931995070,圆坫点,246,239,1779,f,台湾 高雄市,真诚的友谊好像健康，失去时才知道它的可贵
2931969500,曹三莫四,225,196,1695,f,海外 俄罗斯,明知道天要下雨就该带把伞，明知道不会有结果就请
别开始！
2964855420,床起调调,349,276,2492,m,西藏 林芝,有些人，有些事，不必太在意了。
任时光去冲淡这一切..
2741428617,小乖_喆,206,332,1747,f,四川 乐山,历史是一出没有结局的戏每个结局都是这出戏的新情节的开始
2741403755,你有叔当年神韵,303,267,1688,f,四川 德阳,懂孝顺的男孩 不会太差。
2931958592,五一武艺加油,303,180,1650,m,河北 保定,不要以ヽ任何理由伤害我
2964789564,迷你牌棒棒糖,409,177,1465,m,江苏 无锡,人生在世，不出一番好议论，不留一番好事业，终日饱食暖衣，不所用心，何自别于禽兽
2964860650,破破的草莓,168,220,1729,f,台湾 其他,你有抛弃我的权力.我有让你后悔的实力
2928685165,回忆曾经有过的,168,279,1224,f,广东 惠州,我们彼此间的友谊将协力维护我们的美誉
2927967333,瞎了你的G眼,169,266,922,m,广东 潮州,意志的出现不是对愿望的否定，而是把愿望合并和提升到一个更高的意识水平上
2844771455,wc可爱,138,196,1008,f,海南 海口,我不知道这爱还能走多远，我只看见你已走出我的视
线···
2931990820,不能下雨,456,208,1276,m,香港 其他,爱情原来是含笑饮毒酒,肝肠寸断,永不言悔
2964801100,6岁失身苞米地,212,234,1019,f,北京 东城区,宗教使人信仰上帝，不是把上帝作为它的对象，而是作为它的目的
2927970853,反抗阵营,193,175,861,f,湖北 武汉,成功的花，人们只惊艳它现世的美丽，然而，当初它
的芽，浸满了奋斗的血水
2931970884,正太受最有爱了,144,152,675,m,上海 杨浦区,爱情进入，友情完结
2928724345,园林之志,363,346,1309,f,湖南 邵阳,找到一个爱我与我爱的人，变成梦里的情节
2927973473,2光_,189,245,1890,m,贵州 安顺,你会不会忘记我，就像你当初说爱我一样？
2927923393,心心消,200,182,1478,m,贵州 黔南,贫而无谄，富而无骄
2741300371,一剑在手闯江湖,231,199,1265,m,贵州 遵义,真正的爱情不仅要求相爱，而且要求相互洞察对方的内心世界
2931967304,秋风落叶似我心,449,198,1425,m,广东 河源,多少年来，贤惠是女人最大的缺点，最后倒霉全是贤惠闹的
2844833793,_闺怨,243,262,1852,f,云南 昆明,不在宪法规定的自由中，不可避免
2964788564,_瞟一眼的愛,282,214,2613,m,辽宁 沈阳,心房的血液慢慢流回心室，如此这般的轮回
2844899811,陈抽抽家的阿昕,179,224,1361,f,山东 枣庄,归去来夕
2964761294,臭泥巴_笨泥巴,262,198,1370,m,四川 南充,孩子最喜欢爱他的人……也只有爱才能培养他当孩子看到并感觉到父母对自己的爱的时候，他会努力听话，不惹父母生气
2741513011,___多洛米,153,171,1293,m,内蒙古 呼和浩特,孤独的守望
2741365217,兄诱弟攻_,180,189,1578,m,香港 其他,人生的道路和归宿，不是享乐也不是忧愁努力啊，为了每一个明天，每个明天都比今天胜一筹
2964784862,我喜欢这个样子,480,195,1584,m,浙江 温州,很多显得像朋友的人其实不是朋友，而很多是朋友的倒并不显得像朋友
2928746341,让高飞赔钱道歉,381,220,1698,m,青海 海南,醉夜
2844805697,水玶鲸鱼,273,292,1225,m,湖北 随州,◇◆丶不要对我说永远，永远太遥远&amp;#8238;﹌
2964640504,打6sw,196,263,1833,m,广东 肇庆,对你同样危险的是：你朋友的敌人，你敌人的朋友
2964762390,爱心阅月饼,155,198,1347,f,海南 三亚,生命是一支越燃越高的蜡烛，是一份来自上帝的礼物，是一笔留给后代的遗产
2927926907,兜LI没钱真的,328,271,1580,f,黑龙江 绥化,我们教育工作者的任务就在于让每个儿童看到人的心灵美，珍惜爱护这种美，并用自己的行动使这种美达到应有的高度
2844681003,v_拥抱不了你,174,225,1403,f,云南 楚雄,给家
2928735685,韩国和环境和,229,210,1385,f,海外 菲律宾,当你意识到自己是个谦虚的人的时候，你马上就已经不是个谦虚的人了
2931991764,一杆加我呢QQ,205,267,1324,m,上海 青浦区,人生，没有过不去的坎
2964761324,一个人爱他们,377,215,1567,m,澳门 其他,不相信爱情的人会比平常人容易不快乐
2928701461,绝品女孩,294,169,1636,m,西藏 阿里,也许在别人眼里你们是愚蠢的　或许在你们自己心里是幸福的
2931998372,春日结乃__,173,169,1152,m,北京 崇文区,君子处事也，甘恶衣粗食，甘艰苦劳动，斯可以无失矣
1775096231,换了名字的鸟哥,1591,1940,28745,m,上海 长宁区,唯爱皇马 独恋板鸭
2927972137,代小布12138,102,164,413,m,云南 曲靖,生活若剥去理想、梦想、幻想，那生命便只是一堆空架子
2931997562,伊直很,418,225,1195,f,北京 密云县,你曾经的微笑 在回忆里怎么也散不开
2928688101,武艺的撸管老师,351,186,1817,m,云南 玉溪,如果能追随理想而生活，本着自由的精神、勇往直前的毅力、诚实不自欺的思想而行，则定能臻于至美至善的境地
2844709265,N0丶I,433,384,1691,f,湖北 随州,世上唯一的财富是知识，世上唯一的邪恶是愚昧无知
2964812670,心随翔飞天,256,170,1258,m,辽宁 锦州,有许多个夜晚，他看见对面阳台上的那个女孩
2741270461,筱辟,203,176,1788,m,海外 越南,认真是成功的秘诀，粗心是失败的伴侣
2741417895,米粥之窝,215,197,1772,m,黑龙江 黑河,礼节来自教育
2928694331,在繁华于淡然,235,321,2403,f,四川 雅安,人的生命，似洪水奔流，不遇着岛屿和暗礁，难以激起美丽的浪花
2927956733,做人真是累,249,205,1471,m,黑龙江 大兴安岭,只有传记是真实的历史
2932024862,爱的balance,207,175,1343,m,天津 东丽区,百姓所以养国家也，未闻以国家养百姓者也
2844754237,海绵胸罩,163,311,1563,f,香港 其他,成功者要有远大的理想，但要有合理的目标！
2844722731,猛爷老大,175,194,1588,m,吉林 松原,过分的称赞会损害友谊
2844838093,悲剧无奈上演,289,249,1764,f,广西 柳州,身临逆境，才知道朋友的真伪
2741380897,鸡哥SA狗绝配,302,271,1314,f,山东 泰安,什么是爱情？爱情是大自然的珍宝，是欢乐的宝库，是最大的愉快，是从不使人生厌的祝福
2964765310,白痴的鹳狸猿,153,270,973,m,宁夏 吴忠,一个冰球球员把冰球打到了看台上，打死了一个7岁的小姑娘可见这记冰球射门，帮我们中国足球有的一拼啊～
2964733694,甜幂爱诗,160,170,958,m,青海 西宁,一个博学者的思考，不如三个普通人的商讨
2931982962,望龙石,386,219,1258,f,重庆 奉节县,至乐莫如读书，至要莫如教子
2844886883,盾安五交,487,319,1362,m,吉林 吉林,男人的熊猫人生
2927930927,爱出秘法的光法,420,277,1068,m,海南 其他,网络事业创造了富裕，又延续了平等
2844771821,爱爱爱_沵,338,177,1511,m,海南 三亚,■□*做宅女要有宅心钱厚的资本、
2964778252,柠檬0lulu,172,186,1308,m,新疆 克拉玛依,只有愚蠢的人，才去考验别人的人性，然后，两败俱伤
2741389127,覃佩宝宝3,367,238,1635,f,新疆 昌吉,我们应该有恒心，尤其是要有自信心，必须相信自己是有能力的，而且要不惜任何代价把这种能力发挥出来
2928743471,梦续实断aa,175,192,1091,m,辽宁 本溪,青春去时不告别，老年来时不招手
2927968983,哦_真的,366,321,3304,f,上海 徐汇区,忘记
2741345697,李槿冉,285,224,1785,m,四川 阿坝,君子诲人不倦，而师道必严
2927921657,独赏烟花败,251,215,1416,m,广东 深圳,理想是世界的主宰
2844716033,CC阿维罗,251,189,1909,m,福建 宁德,教育是把孩子本来拥有的天性发展出来
2741309811,西六六离开,278,187,3013,m,湖北 襄阳,他有什么好处我不知道,但是他有一个很大的缺点...我是知道的,他不爱我,这个缺点还不够大吗?
2928691505,漫步人生小倩,577,457,5065,f,新疆 和田,学者应该高度集中精力，坚定信仰与追求，坚持缄默，继续观察他要忍耐人们的忽视与责备，等待自己因为发现了某些真理而满怀欣喜的时机
2927961703,_画丶圈圈,478,249,1035,f,江苏 南通,请容许我说一句让很多人会不满意的话---普通人不配自杀！
2964720844,灬不枉当年,157,179,1333,m,陕西 榆林,　　　 ╱╰┛想知道什么是爱情么？
　　　 ╱╰┛爱情就像大便，每次都一样但又不讨
一样！
2844866085,回飞的隐形翅膀,368,225,1838,f,宁夏 固原,有人把生命局促于互窥互监、互猜互损，有人则把生命释放于大地长天、远山沧海
2964812054,疯狂的烟机,67,185,1311,m,云南 文山,有了坚定的意志，就等于给双脚添
2964734524,仙人掌上的针,420,205,1251,f,台湾 其他,“自己拼命学习的事会变成才能”
2741278031,番茄or鸡蛋,287,209,1814,m,台湾 高雄市,位历将相，国家之柱石臣也
2931961050,蕎麥彌望,274,202,1427,m,天津 宝坻区,何谓朋友？当别人相信你脸上的微笑时，他能读懂你眼中的哀伤
2964800520,没有十头牛,188,168,1011,m,新疆 吐鲁番,寒雨
2741322611,红楼aaa遗梦,235,179,1373,m,新疆 乌鲁木齐,对骄傲的人不要谦虚，对谦虚的人
2932022534,N1aN小晨,236,186,1394,m,四川 自贡,天才，就其本质而说，只不过是一种对事业、对工作过盛的热爱而已
2931986130,老北京_James,168,187,1833,m,广东 佛山,时间就是生命，无端的空耗别人的时间，其实是无异于谋财害命
2927933727,相思莫囧,141,176,1173,f,河北 沧州,友谊需要—-忠诚去播种，热情去灌溉，原则去培养，谅解去护理
2964828684,wb加油,246,189,1498,f,福建 泉州,劳动，不仅仅意味着实际能力和技巧，而且首先意味着智力的发展，意味着思维和语言的修养
2964823604,小jiong熊晓,413,270,2326,m,台湾 高雄市,╮早些认识该多好，可惜身边的那个他不是
你。
2741341343,苏黎世丶爱莹,461,261,1406,f,江苏 扬州,即使一动不动，时间也在替我们移动而日子的消逝，就是带走我们希望保留的幻想
2931968650,武勒个去艺,239,293,2549,f,宁夏 吴忠,要管理就要内行，就要精通生产的一切条件，就要懂得现代高度的生产技术，就要有一定的科学修养
2964736170,商河张坊乡,191,201,1610,f,北京 密云县,为什么要那么痛苦地忘记一个人，时间自然会使你忘记如果时间不可以让你忘记不应该记住的人，我们失去的岁月又有什么意义？
2964747502,e糖罐子,443,218,1096,f,甘肃 酒泉,人如果没有知识，无异于行尸走肉
2928741125,专门求那啥,372,256,1530,f,海南 其他,这世界上没有优秀的理念，只有脚踏实地的结果
2964742360,兜灬兜灬有灬糖,171,161,1680,m,吉林 辽源,我想要的美好在你离开之后出现了.,
2931995970,H花郎寻情,175,161,1089,m,宁夏 固原,没有哪个人比你的生命重，没有哪场爱情会比你尊严重
2964741434,A红色星期五,270,189,1421,m,山东 聊城,彤,你只是我生命里的过客你的爱我从未拥有过!我真心的付出,可在
你眼里我看不到自己更不用说在你心里。
2931992314,杰氏星落,291,254,1740,f,湖南 益阳,理能服傲
2964754954,云柯我爱,230,243,2452,f,浙江 台州,历史有三种不同的任务，我们可以称为科学的、想象的或推测的和文学的
2964725780,hanny七,510,363,1948,f,重庆 黔江区,爱情在哭泣
2844742395,彷徨呀彷徨,231,237,1000,f,新疆 阿勒泰,对于不会说话的人，衣服是一种语言，随身带着的是袖珍戏剧
2741316871,白子琛,271,240,1349,f,海外 日本,崇德莫盛乎安身，安身莫大乎有政，有政莫重乎无私，无私莫深乎寡欲是以君子安其身而后动，易其心而后语，定其交而后求，笃其志而后行
2964736752,粽是粽子的粽_,245,175,1610,m,重庆 云阳县,有点难受，没有幸福了
2964825750,琪0企鹅,264,257,2766,m,山东 枣庄,看了一场看不懂的电影，四处张望，发现别人专注而陶醉，才忽然明白，孤独是什么
2741431385,宝蓝截图组,203,261,1092,m,山西 朔州,_   我想当超人不知为了把内裤套在头上、就是为了
你有危险的第一时间是我出现在你的面前。
2964785530,幻魔法灵,280,238,1680,f,甘肃 嘉峪关,我诅咒你一辈子买方便面没有调料包
2741336471,艹Kiss丨小浩,276,352,2250,f,广西 梧州,你就像是我的空气，离开你，我会窒息
2932028942,兄弟打球么,190,223,1557,f,辽宁 葫芦岛,我们的深思熟虑可能会枉费心机，知识的获得一半靠快取而非慢拾
2844914273,风之恋fxy,270,213,1298,m,天津 西青区,云淡风清
2844751217,Oo戴雅oO,217,198,1440,m,海南 其他,我们应该看透君子的内心，甚至看
2741556563,井小泰,393,289,1362,m,江西 抚州,老酿何如乡思浓
2931985070,Z稀烂班子,298,262,1274,f,河北 石家庄,╭ァ天堂的路太拥挤，谁愿陪我下地狱。
2741054105,侨中的闪电,192,204,1267,m,河北 唐山,教书很难——又要做戏，又要做人 ——出自《张爱玲语录》
2964748832,放胆一击,277,265,1186,f,重庆 北碚区,别说莪现实，曾经莪比你扪任何人都要天真。
2931998430,我的儿啊_,285,340,1555,f,山西 运城,轻则寡谋，骄则无礼
2741361017,寳囡_兎,266,277,1887,m,云南 迪庆,人类把历史看成战斗的连续，为什么呢，因为直到今天，他们还认为斗争是人生的主要东西
2964730534,心中有刘,300,216,1658,m,天津 和平区,煜：有了甜甜，我们以后的生活品质会爆破表喔！
2741423701,海鲜炒米饭,444,190,2560,m,广西 钦州,感谢科学，它不仅使生命充满快乐和欢欣，并且给生活以支柱和自尊心
2741060765,丶艹艹艹你女末,404,291,1713,m,台湾 其他,历史的道路，不全是坦平的，有时走到艰难险阻的境界这是全靠雄健的精神才能够冲过去的
2844736391,9_宫X,244,274,1641,f,山东 青岛,谬误有多种多样，而正确却只有一种，这就是为什么失败容易成功难脱靶容易中靶难缘故
2931995534,武艺天使团雪儿,283,226,1236,f,澳门 其他,知识比金钱宝贵，比刀剑锋利，比枪炮威力大
2844754415,好想失忆忘记,175,181,967,f,台湾 高雄市,生日，静静走过
2844690613,我是谁她哥,173,203,1424,m,香港 其他,聊天记录代表什么？代表着两个人曾经温暖相依的独
家记忆。
2844762821,QQ很虚幻,412,239,4144,f,台湾 台北市,用我一辈子去忘记
2964762394,卩丶笨笨,142,291,1158,m,广西 玉林,牵挂是一种痛
2927975393,涂侃xx,284,230,1264,f,澳门 其他,补漏趁天晴，读书趁年轻
2928690165,月下的路灯,154,171,1274,m,青海 西宁,玲珑骰子安红豆，入骨相思知不知?
2927923643,小时候可sao了,392,245,1573,f,山西 朔州,　　　　　　　　　不缅怀过去  不感伤未来 生日快
乐  我的成人礼  我的十八岁
2741369443,一生时间若浮生,442,251,1804,m,湖北 宜昌,好像每个人都会变 变得让人琢磨不透。
2844718265,先报噢,417,400,1528,f,北京 平谷区,关于你的回忆
2964673502,群雄逐龍,651,418,2230,m,江西 南昌,总是被优美的汉字组成的篇章所吸引,一遍遍的读,始终觉得汉字是最美的语言但不是最好听的文字
2741357467,牙露吧外交组,477,271,2130,f,上海 闸北区,孤独从一开始注定要用一生来承担.
2844786085,浙江看看玩玩,346,250,1312,f,台湾 高雄市,伟大的头脑倾向于平凡
2964871782,任富茹,150,175,653,f,宁夏 银川,世界上最遥远的来距离，就是星期一到星期天
2844734581,婉言O映梦,189,200,1084,f,广西 梧州,有德必有勇，正直的人决不胆怯
2741464933,刺骨的疼痛_,327,302,1463,f,辽宁 营口,当我们再回首时，沉淀的可能不只是记忆
2927918207,空虚的境界,162,191,1406,m,云南 丽江,爱情，你的话是我的食粮，你的气息是我的醇酒
2844372427,嘻哈伦伦哈,1997,169,298,m,海外 加拿大,理论是实践的眼睛
2844731215,俺_村人,362,314,2172,m,海外 马来西亚,读书志在圣贤，为官心存君国
2927932753,幻沁天使,207,193,1122,m,宁夏 银川,爱情不仅丰富多彩，而且还赏心悦目
2931986420,公务员帝,194,165,1177,m,贵州 铜仁,迷茫路口，是错误还是
2928723271,西湖__摆渡人,290,191,1060,m,海外 马来西亚,有心的人，在远也会挂念对方。  无心的人尽在咫尺远在天涯。
2741420591,徐BI锋,299,264,1604,f,云南 昆明,教育的根是苦的，但其果实是甜的
2964857952,_纪喵_,233,286,1748,m,河北 石家庄,一个国家最机密的事情是：这个国家的国家利益究竟是什么?
2964796472,GZZY福成,274,213,1620,m,甘肃 金昌,喜欢一个人，是不会有痛苦的爱一个人，也许有绵长的痛苦，但他给我的快乐，也是世上最大的快乐
2932027174,孤帆钓碧霞,276,187,1363,m,上海 杨浦区,我心底的伤你看不见，所以你没资格批评我堕落。
2931994504,Ev1an只爱翔,417,215,1545,f,内蒙古 赤峰,读史使人明智，读诗使人灵秀，数学使人周密，科学使人深刻，伦理学使人庄重，逻辑修辞使人善辩，凡有所学，皆成性格
2927920583,我拿你当哥们,152,170,1046,m,甘肃 金昌,大学的爱情纯真在于能够共同吃方便面，能够谦让着喝汤
2964774760,感谢朝老母鸡,185,299,1147,m,安徽 宣城,人类在道德文化方面最高级的阶段，就是当我们认识到应当用理智控制思想时
2931964722,小末剧终,160,187,1629,m,台湾 高雄市,一切本能活动的主要任务……是在于引发学习的过程
2964757254,坚持反武艺,201,215,1206,f,湖南 常德,生命中是充满了不如意的
2928638131,垮兰儿背塔,58,38,49,m,江苏 盐城,为伟大的事业献身的人，永远不会被人们遗忘
2927919337,灏影相伴,144,215,1656,m,青海 黄南,一个生命比地球还重
2741257751,李雪姣爱SJ,172,159,1550,m,广东 东莞,对于不会说话的人，衣服是一种语言，随身带着的是袖珍戏剧
2931996510,颛诩,259,336,1164,f,天津 蓟县,吃饭不嚼不知味，读书不想不知意
2741509697,because女捕快,268,365,1232,f,贵州 铜仁,青春啊，永远是美好的，可是真正的青春，只属于这些永远力争上游的人，永远忘我劳动的人，永远谦虚的人！
2931985270,血癫浪子,177,247,2013,m,海外 巴西,我们痛苦来源于爱但我们的幸福也来源于爱
2844774545,可兜减肥铺,462,252,1013,f,河北 承德,人非圣人 谁能无过
2844726535,王者云集73,211,344,1632,f,山西 长治,富贵不归故乡，如锦衣夜行，谁人知之者
2741521291,武5藝1超群,283,536,1355,f,天津 津南区,关关雎鸠，在河之洲窈窕淑女，君子好逑
2741386147,技术流1,334,309,1915,f,新疆 和田,勤劳勤劳，衣暖食饱；懒惰懒民，日子难过
2741298935,正是何时,286,221,1770,m,北京 东城区,两情若是长久时，又岂在猪猪肉肉
2741302665,凉力少女,416,278,1662,m,江苏 苏州,用理论来推动实践，用实践来修正或补充理论
2964822780,aini的yang,354,254,3086,m,湖南 永州,这世界要是没有爱情，它在我们心中还会有什么意义！这就如一盏没有亮光的走马灯
2931998222,等待回音qiqi,378,233,1290,f,云南 思茅,有些枷锁，是自己套的；有些不幸，是命中注定的
2928695075,1黄昏寂寞,247,280,1468,m,宁夏 吴忠,对骄傲的人不要谦虚，对谦虚的人不要骄傲
2931963170,娇ai翔,271,255,1308,f,海外 泰国,-   两个人吵架,先说对不起的人 并不是认输了,并不是原谅了,他只是比对方,更珍惜这份感情丶
2931981940,芝麻肉馅,145,190,1539,m,海外 新加坡,没有什么比视线之内有个敌人更能让你精神饱满的了
2964761040,拯救中国民工,412,240,1505,f,河北 廊坊,纪律是集体的面貌，集体的声音，集体的动作，集体的表情，集体的信念
2844922907,挚爱瑜斌,345,467,999,m,海外 巴西,障碍与失败，是通往成功最稳靠的踏脚石，肯研究、利用它们，便能从失败中培养出成功
2964768294,_他是一个梦,174,193,1296,m,台湾 高雄市,傻瓜，明明知道你是替代他，为什么还要对我这么好？
2844746423,才俊___青年,390,196,1461,m,天津 河东区,在天愿作比翼鸟，在地愿为连理枝
2928723485,快进教育,200,174,897,m,河南 焦作,生命的多少用时间计算，生命的价值用贡献计算
2741344093,迷璐殇,277,242,1505,m,北京 西城区,兜兜转转，我们又回到了原点，只是时间把我们撮开。
2931967232,钟易绿,254,178,1428,m,台湾 台北市,时间的推移
2844811853,第二羊,269,211,1541,m,海外 新加坡,迩说忘记她从新开始，你说的她是谁？我吗？
2931971590,YZBotNet粉6,279,237,1768,f,海外 越南,有些情绪，只说给懂的人听。就好比现在想用一些文字，诠释我的心情。
2964814314,Y当dog遇到god,246,191,1379,m,香港 其他,何必一定要期待真正的自由？最不自由的事情就是我们总是被对自由的向往这种欲望所束缚到什么时候我们不追求也不谈论自由了，那就真正自由了
2964839320,你怎么个事,494,195,1395,m,广东 深圳,希望是生命的源泉，失去它生命就会枯萎
2931980890,风希若,273,196,2059,m,广东 江门,从工作里爱了生命，就是贯彻了生命最深的秘密
2844708483,洅愛啲丗堺1,181,224,2083,f,香港 其他,最厉害的病毒，是爱和谎言
2964819320,时差love,394,258,1589,f,新疆 喀什,而我，会把这一些放在逐渐的遗忘中
2844886823,寂寞深夜有你,378,294,1430,m,辽宁 朝阳,中年太实际、太繁忙，在整体上算不得诗，想来难理解；青年时代常常被诗化，但青年时代的诗太多激情而缺少意境，按我的标准，缺少意境就算不得好诗
2964730710,魏昌魏容,260,224,1581,m,云南 玉溪,★、___________ 、℡不是所有的伤口，都能用纸掩盖掉的。
2927954847,小鼠nini,438,310,1346,f,海外 泰国,天才就是最强有力的牛，他们一刻不停地，一天要工作小时
2964673052,搂一眼,228,292,1777,m,上海 金山区,今天终于有可以替艺人朋友们争口气的机会，我怎么可能放过，只可惜我没有打狗棒可以好好发威~~不然你们肯定可以看到精彩的
2964830524,穿拖鞋踩鼓点,442,252,2034,f,广东 河源,我们承认总的历史发展中是物质的
2964790522,滦县的朋友,466,245,1548,f,江西 赣州,伟大的事业不是靠力气、速度和身体的敏捷完成的，而是靠性格、意志和知识的力量完成的
2964759884,蘑菇Mush蛋糕,410,286,1466,m,山西 朔州,新女性的毛病不在老是离婚，而在老是结婚
2928699671,最初魏晨,170,193,1079,f,安徽 黄山,伟大人物的天才是和有教养的群众
2741357207,把屋顶唱翻,352,186,1458,m,青海 海东,钱以外的东西，永远都还不清
2931961824,西香橙,38,123,38,m,上海 崇明县,一个人最大的缺点，不是自私多情野蛮任性，而是偏执地爱一个不爱自己的人结局和过程都有了，再去纠缠，连自己都觉得贪婪
2964797880,啊利路丫,473,314,1541,m,上海 徐汇区,理论所不能解决的疑难问题，实践将为你解决
2844708175,bingo佐,273,174,1106,m,陕西 榆林,里子比面子重要,保养品当然比化妆品多,好,贵
2964822690,花朵会更坚强,160,176,1263,m,河北 邢台,我的朋友阿B，非常严肃地告诉我，他的电脑通人性，有思想，他的电脑有魂魄
2931926290,0安望0,249,345,1839,f,宁夏 银川,情况是在不断地变化，要使自己的思想适应新的情况，就得学习
2741388767,远东不锈钢,423,286,1557,m,山西 晋中,风吹干我的泪，情，让它飞。这份爱，太难追。雨，依旧在飘，分不清是泪还是雨，这天真的梦该醒了．．．．．
2931998224,推到7,439,217,1268,f,香港 其他,是两个被时间摧残得面目全非的残废的人
2741429213,右手写满你的爱,147,149,1529,m,辽宁 阜新,教师必须具有健康的体魄，农人的身手，科学的头脑，艺术的兴味，改革社会的精神
2741314641,啤酒小罐子,383,289,1211,f,宁夏 石嘴山,道德衰亡，诚亡国灭种之根基
2928723695,方法设法,292,220,1531,m,广东 中山,今天和你吵架了. 因为我说:我想你了,你却说:想呗.你知道我 多想听见你说 我也想你了
2964725390,专属马小刀,276,217,1630,m,福建 泉州,范先生女儿让流氓侮辱.站起身来提着篮子说：吓死我了，我还以为抢鸡蛋那
2844914461,啊噶尔噶尔通过,344,185,1322,m,西藏 日喀则,带动全球经济增长的火车头减速并不意味着所有的车厢都减速
2928725891,樱花散_零乱,187,187,1191,m,吉林 长春,现在转业退伍军人找工作不容易政府要成立高级别的退伍转业军人就业辅导机构许多退转军人可进入大学学习管理，他们基本素质不错，毕业后肯定成为香饽饽
2741286301,伊明洁,398,195,1448,m,海南 海口,信仰是没有国土和语言界限的，凡是拥护真理的人，就是兄弟和朋友
2927935097,互动好丝袜奶茶,281,302,3288,m,吉林 延边朝鲜族自治州,---妈咪说,幸福就是找个温暖的人过一辈子,我要的幸福很简单,一个家而已、、
2741430271,sign歌,172,302,859,f,宁夏 固原,知识，百科全书可以代替，可是考虑出的新思想、新方案，却是任何东西也代替不了的
2964828572,埖媚奴丶,265,241,2187,f,广东 清远,★、___________ 、℡不是所有的伤口，都能用一句对不起来抚平。那种虚伪的话， 俄不需要听到。。
2844893755,以往成事,264,335,2974,f,贵州 黔南,惆怅的青春，叛逆的岁月，发酵成一碗青绿色的草汁，倒进心脏里
2932016530,live小新,200,203,1610,m,陕西 汉中,复杂的情绪，连呼吸也沉重
2927959873,张耀网,177,188,1211,m,湖北 宜昌,应当细心地观察，为的是理解；应当努力地理解，为的是行动
2932023680,寻找日语dai考,207,187,1290,f,广东 潮州,执子之手，方知子丑，泪流满面，子不走我走
2964730362,鱼女爱上瓶男,146,198,974,m,湖南 邵阳,我想要的美好在你离开之后出现了.,
2964755852,在在浩浩允在,267,188,1508,m,江西 南昌,•聪明的女人，面对心爱的男人，会变得“简单”，她明白了用爱还原最真实的本我
2964724012,Cao_滚X,244,291,1290,m,江西 新余,你不是我,何来的懂我,-　Erosion ソ
2931993324,钟a骁米饭,377,179,1505,m,安徽 宣城,成功的丈夫是钱多到妻子花不完，成功的妻子是找到这样的丈夫
2931988162,柑嘘,130,190,878,f,青海 黄南,原来我只是一个配角，所以不必在乎我是谁。
2844730253,板筋还是肉筋,266,169,1558,m,江苏 扬州,茶
2928694005,韩明威vv,151,170,1016,m,贵州 毕节,空想会想出很多绝妙的主意，但却办不成任何事情
2844710433,知情人业主,274,257,2207,m,吉林 白城,海尔国际化战略能否成功，主要是*每一个海尔人的国际化，有了每一个人的国际化才能保证海尔集团的国际化
2931955054,刻骨的铭记_,179,184,765,f,天津 宁河县,梦想的脚步
2741341471,米亚的静,265,183,1688,m,西藏 拉萨,客户的要求不等于客户的需求
2844729391,123果冻12,25,27,26,f,西藏 昌都,◇      ︶-      没 见 面 时 ， 好 想 和 你 说 话 ， 一 见 面 时 ， 又 不 知 道 说 什 么。
2927923647,抽烟有害健康·,181,183,1287,m,福建 龙岩,倒计时
2964852892,撕扯你,273,188,1667,m,甘肃 金昌,信任是友谊的重要空气，这种空气减少多少，友谊也会相应消失多少
2928698475,阳泉gay,248,175,1371,m,香港 其他,成功是辛勤劳动的报酬
2741253861,简单点化,429,200,1404,m,福建 漳州,一个人、蹲在夜空下系数星星
2741578477,爱潮x,164,160,1361,m,江苏 宿迁,•留不住的男人，干脆潇洒地放手！
2927959187,我的小牛要幸福,402,216,1657,m,湖北 襄阳,善于妥协的女人，很宝贵但是，只善于妥协的女人，很廉价
2964817400,挪威3森林3,466,263,1842,f,陕西 榆林,正像太阳会从乌云中探出头来一样，布衣粗服，可以格外显出一个人的正直
2931998950,唱断风流,190,167,1733,m,广东 梅州,能做到今天有那么一点点小小的成功的话，恰恰是因为我在过去的20多年中不断地改变自己
2928722611,浪子不唱悲歌,291,176,2045,m,海南 三亚,接受愚昧就是出售自由
2741559063,凡star,357,301,1542,m,澳门 其他,95%的女人都愿意用一年不交男朋友来换一箱衣服、男人说女人如衣服、其实在女人眼里、男人连衣服都不如。
2964751300,晨光陌川,188,266,1556,m,海南 三亚,友谊如金钱一般，容易得到却不易保持
2964823960,张立L,359,171,1436,m,四川 广安,你的曾经拥有 我的天长地久 %
2844892427,俺是你掌柜,465,265,1399,f,江苏 徐州,上交不谄，下交不骄
2844853151,我是_你学姐,273,178,926,m,天津 河北区,小人记仇，君子感恩
2927955923,失落的真谛,165,166,979,m,海南 其他,过去的畅想有多快乐，现世的遗憾就有多悠长
2741426787,为了讨个公道,430,281,1351,f,河南 漯河,正直者顺道而行，顺理而言，公平无私，不为安肆志，不为危易行
2964829492,李鸣就是dog,174,302,1537,m,甘肃 金昌,在一切大事业上，人在开始前要象千眼神那样察视时机，而在进行时要象千手神那样抓住时机
2964787884,我是超级BAKA,440,225,1382,f,山西 吕梁,青城突然想起,或者,自己的名字,就是倾城的意思,倾城自然人空.青春还来不及开始,就这样局促的结束了.
2931995362,嘿骑毅护,377,189,1495,m,湖南 衡阳,年代的人还需要摔打，不管做任何事，要检查主观原因
2964860534,暗恋你的帅哥,196,203,815,f,西藏 拉萨,用尽全身力气对你好，努力   尽力    也精疲力尽。
2928702205,济世阿诗玛,370,199,1287,m,海外 越南,才能的被人认识不仅要靠才能的质量，而且也要凭才能所成就的数量
2964793872,丰年通信服务,174,164,710,f,西藏 林芝,或许行年渐晚，深知在劳碌的世间，能完整实现理想中的美，愈来愈不可得，触目所见多是无法拼凑完整的碎片
2844876913,触摸OK,279,182,1043,m,云南 玉溪,有勇气来改变可以改变的事情，有胸怀来接受不可改变的事情，有智慧来分辨两者的不同
2927968863,认识小伟的,489,316,3396,m,湖北 孝感,•女人的自私，也是一种自爱
2741426127,换了新皮才敢说,440,201,1785,m,湖南 邵阳,曾经，我不需要朋友现在，也可以不需要
2741318701,比吧不勒,174,200,1346,f,西藏 日喀则,我假装不在乎你，没想到最后失去了你，痛的却是我...
2741469351,袁华哥博客,202,234,1456,f,上海 黄浦区,原来太难过了 会失眠
2844872117,可爱的卷卷熊,263,263,1159,f,山东 聊城,我花开来百花杀……
2964831660,我叫啥才可以啊,444,271,1298,f,浙江 衢州,【开始害怕，有一天你会转身离开，留我一个人在陌生的街头。。。】
2927931057,毛包abc,151,200,1004,m,浙江 金华,五四三二一他和她的迷藏
2964857130,阮蜜啦,280,182,1174,m,澳门 其他,我的地盘听我的！
2844890373,草塔政教处,281,203,1432,m,湖北 黄冈,心如飞鸟   展翅翱翔    随心所欲   随遇而安
2844778145,非袅贰室,172,211,1422,f,广西 贵港,理论在一个国家的实践程度，决定于理论满足于这个国家的需要的程度
2927923087,绝益,442,244,963,f,陕西 安康,坐在酒吧的吧台边，他拉开领带，把药片混在WHISKY里喝了下去
2844773935,XXXX小夕,38,90,35,m,上海 宝山区,宁可少说一句笑话，不愿失去一位朋友
2844917235,问一下的说啊啊,226,412,1266,m,内蒙古 乌兰察布盟,我知道我将为自己的学说，为真理而死，但这并不会减少我的勇气
2844906297,亲贝贝旋风,159,195,1684,f,安徽 宣城,真正的知识就在经验中
2964758140,某新人君,370,311,1620,m,重庆 丰都县,不惜牺牲自己以图苟安的人，既不配享受自由，也不配获得安全
2931967802,大手门,314,325,2563,f,青海 果洛,只是脑子里不断出现《前度》里周妈的话：不是身边的不
是最爱的，而是最爱的已经不在身边了。
2741471265,Holly_渡,470,186,1593,m,黑龙江 鸡西,以青春之我，创造青春之家庭，青春之国家，青春之民族，青春之人类，青春之地球，青春之宇宙，资以乐其无涯之生
2741501241,安丶小苒,373,283,1878,m,山东 莱芜,世上最残酷的、怕就是这时间。将腐烂的伤口抚平
到挤不出一丝血液，即使还疼着，却也麻木了。
2844735057,西瓜虫呗,151,188,1333,m,山西 长治,知识是引导人生到光明与真实境界的灯烛
2927924433,我恨你klqvs,230,221,1332,f,澳门 其他,单纯想念
2964854492,夕阳晚霞日落,239,211,1628,m,台湾 台北市,下水方知水深浅，探索真理靠实践
2928732765,爱情丶买卖,162,191,954,f,辽宁 丹东,希望你下辈子不要改名，这样我会好找你一点有时失去不是忧伤，而是一种美丽
2964766052,艺吧直播员洁熙,227,177,1743,m,贵州 六盘水,君子诚之为贵礼记
2932014600,缘来S东,453,333,1321,f,内蒙古 巴彦淖尔盟,||           何必对我假温柔,  我又不是你女朋友.
1882759572,袁静文jingwen,276,11088,2503,f,上海,
1751752024,连晖晖,158,115,1525,f,上海 杨浦区, 
2286450610,周子轩的姐姐Joy,137,221,1186,f,广东 深圳,天天向上
1975971333,秀秀灯火阑珊,76,79,442,f,河北 唐山,
1829685750,青山绿竹苦荞苦,258,260,4225,f,湖北,~在芸芸众生里做一个普通的人，享受生命一刹间的喜悦~
1632325383,非语留星,156,357,2095,f,北京 海淀区,BSU 热情坚持一时，信仰伴随一生
2205438361,bizarrefly,90,238,8191,f,北京 顺义区,
1975007543,CC陈晨2011,55,39,390,f,上海 宝山区,
2536094154,寻找有缘a,231,115,78,f,河南 开封,
2518377614,别说我眼泪,134,108,77,m,山东,
1836055774,秋风中的蒲公英,43,52,573,m,上海 浦东新区,
2518300882,百天2010,314,222,73,f,内蒙古,
2064087250,uuiim,340,213,3885,f,广东 梅州,
2729700703,袁敏ymm,137,151,1298,f,福建 泉州,女人的幸福在于：他真的爱我；男人的幸福在于：她值得我爱。
1766342260,鬼娃娃膘子,209,313,796,f,四川 成都,阶段性跨越，优质女进修中～
2473573823,锁在心底,97,223,109,f,西藏,
2518295580,幸运城11,198,114,78,m,云南 西双版纳,
1628610207,刘二先森,182,191,435,m,陕西 渭南,快到碗里来
2087335813,Sarah7835,653,317,1330,f,重庆,我就是我，是颜色不一样的烟火〜
2518281350,000幸运星00,232,155,79,m,河南 开封,
1930519383,ClariaGuo,870,1098,1166,f,广东 深圳,
2470567547,风车转2013,97,235,71,f,江西,
2518268100,小王的夏天1,236,157,77,m,海南,
2470884773,happy淑女屋,94,225,778,f,湖北,
1793579690,KEI桑加油哦,529,468,5335,f,江苏 苏州,ask.fm/aruhito ‘什么都想试一试，了解了解’很适合形容我…精神洁癖患者…
2946075050,死光头仔,1997,30,118,m,广西 北海,la la la la la la la la la la la
1706346921,温品质,1726,11,85,m,海外,任何法律都无权阻挠真理的实践
2516334394,点为土工熟稔,963,5,76,m,海外,胖胖的我，所以心很宽广！
2923161073,islandrr,1576,21,141,f,广东 佛山,
2177115802,贤子乎,1993,37,165,m,广东 广州,一觉醒来，天都黑了
2912573547,眯着官窑参拜拳赛,1365,6,156,m,海外,还不知道是谁想出来的一句话:啊,不要让你的孩子输在起跑线上啊!呸!(甩头)
1479298640,几回粤菜羊群,813,0,92,m,海外,青年时的失败要比壮年时的胜利，老年时的成功更令人满意
2301775134,满面之火多德,601,277,2382,f,香港,
1854388605,童女双创,660,10,174,f,广东 深圳,没有太阳，花朵不会开放；没有爱便没有幸福；没有妇女也就没有爱，没有母亲，既不会有诗人，也不会有英雄
2689196122,全棉都向家人懒汉,1870,105,3589,f,香港,
1149874995,恰巧守灵天幕,531,3,65,m,海外,岁月不汝延，努力无暂辍
1906060003,学案模样叛徒,759,18,33,m,海外,嘴头的空话连篇，不如用劳动实践
1948110911,工作的波比的故事,4,47,543,m,江苏 无锡,昨夜西风凋壁树，独上高楼，天冷还得穿秋裤
1963193434,会做甜香两场之长,220,136,150,m,河南 周口,
2877871963,hzloyal丶,1548,199,3165,m,浙江 宁波,勤学的人，总是感到时间过得太快；懒惰的人，却总是埋怨时间跑得太慢
2130788851,特伦苏超,733,50,328,m,江苏 南京,
1980032893,即到陈情,1680,3,71,m,海外,怯懦的朋友在叛离之后，会成为最凶残的仇敌
1120642355,月亮还那个星星,90,16,248,m,山东 临沂,许诺固然可以获得友谊，但培养和保持友谊的还是行动
2057226041,银两开行泪水烟雨,1283,35,1427,m,海外,别说永远 因为你永远也承担不了。
2156496720,巨作再讲可谓,486,12,76,m,海外,
2909910952,眯眯华子同学,82,82,185,m,浙江 嘉兴,既然选择了远方 便只顾日夜兼程
2889050153,寇仲寄送风纪,1450,3,333,m,新疆 塔城,从不获胜的人很少失败，从不攀登的人很少跌交
1691128761,不久兄台,1886,6,47,m,海外,来半瓶啤酒..我们一醉方休..
2842426185,冬枣至今氤氲安康,1557,369,2648,f,浙江,
1084872930,赖床风尘凄切,1285,11,103,m,海外,用血汗挣来的钱是最问心无愧的了
2712182433,留一手2015,1846,16,118,m,江西 抚州,一种虽然拙劣的辩词或平凡的观察，如果这样提出来，前面加几句尊重别人的意见的话，他便可以得到更多的荣誉和重视
2680677881,QQ281799623,699,143,137,m,广东 东莞,带着所有的回忆离开，我真的笑不出来
2794597212,喊叫火势自绝,1449,1,126,m,海外,最深的记忆，就是夜里突然想起。
1874570274,小葱头爬回来爱六六,187,114,453,f,海外,值了。。。
1980914541,飞云0613,163,337,640,f,浙江 杭州,
2842245083,中油打过三问,909,20,54,m,海外,
1712951430,墨雪覆连城,754,6,109,m,湖南 常德,水中忧莲一朵，心中名动四方，遥观碧水清新，只为地久天长。 《连城》作 诗名：无忧
1776675632,瑞景品质生活馆,200,12460,1142,m,江苏 南通,http://ntrj.taobao.com 瑞景品质生活馆
2844653265,猪小弟爱飒哦妈,439,291,1274,m,天津 和平区,读书时，我愿在每一个美好思想的面前停留，就像在每一条真理面前停留一样
2741191545,爱的秘密1,343,343,2926,f,安徽 淮北,不要过分的醉心于放任自由，一点也不加以限制的自由，它的害处与危险实在不少
2931982514,香焦兔构,281,322,998,m,新疆 阿克苏,亲爱的你还会一个人撑下去吗
2741345165,帮派特派员,204,177,1192,m,广东 广州,一个知已就好像一面镜子，反映出我们天性中最优美的部分来
2928673361,我是LZF,329,230,1809,f,宁夏 吴忠,爱情是另外一件事爱情是太奢华的事
2844800725,卡布伦的诗,431,211,773,m,广西 贵港,一个人了解他的仇敌，为什么一定要比了解他的朋友深刻？因为一个人要害他的朋友是非常容易的，要害他的仇敌却很不容易
2741300503,水晶若然,374,294,1370,m,贵州 黔东南,教育的目的在于能让青年人毕生进行自我教育
2932003102,光线飞车BUG,210,209,1633,m,江西 萍乡,富贵不易妻
2712765283,小乌龟爱钓鱼,97,94,317,f,广东 惠州,
2051233364,谙熟妹子道喜遗漏,365,2,32,m,海外,我想让你走进心的时候你不进，现在你想走进来，对不起，你来晚了
1804545164,从前有个小三三,163,57,241,m,福建 厦门,喜爱读书，就等于把生活中寂寞无聊的时光换成巨大享受的时刻
2741221951,欧阳冷逸,216,195,1569,m,海外 加拿大,今天的新闻就是明天的历史
2741447307,定那里cv,456,231,1598,m,湖南 湘潭,“因为我要保护一个人，并没有人强迫我，是我自己决定的我按照自己的意志扣动扳机，为了要保护的人在他达到目标之前，我会毫不犹豫的扣动扳机”
1291536233,Sophie_LU,193,293,1304,f,上海 浦东新区,
2151315022,whatever234,30,18,87,f,其他,为关注而关注
2931948650,雨后落樱花,293,219,1337,m,江苏 泰州,在这个知识爆炸、人口增多的时代，睡觉也是有学问的
2857291784,美协宛您看打法,818,210,216,m,福建 厦门,适当地用理智控制住爱情，有利无弊，发疯似的滥施爱情，有弊无利
2844628967,一定要考上研究,169,168,1126,m,内蒙古 包头,人生在世，先被别人笑笑，再去笑笑别人，然后就含笑九泉了
2964767880,流星雨之薰衣草,375,233,1501,f,海外 越南,李宇春回答了我一个百思不得其解的问题本来，打死我都不相信《木兰从军》后来认识了李宇春，我终于知道，哦！原来技术上是可行的！
2535574384,止渴刻度成数脚踝,801,1,118,m,海外,良好的健康状况和由之来的愉快的情绪，是幸福的最好资金
2872766102,谓手稿,1545,7,67,m,海外,纯，属虚构，乱，是佳人
1564736131,亲眼仪态,1265,72,268,m,海外 美国,良好的健康状况和由之来的愉快的情绪，是幸福的最好资金
2120015915,张秋月-小米,435,147,319,m,海外,
2964795412,哭泣的糖罐子,256,301,2048,m,北京 丰台区,君子能仁于人，不能使人仁于我；能义于人，不能使人义于我
1973337754,菇蹭每家怯场水蛭,741,258,136,m,海外,友谊也像花朵，好好地培养，可以开得心花怒放，可是一旦任性或者不幸从根本上破坏了友谊，这朵心上盛开的花，可以立刻萎颓凋谢
2844815183,魏云浪,392,256,1755,f,湖南 怀化,真的。假的。都不重要了。因为。你已经不重要了。
1852952840,玥雪纯馨,118,4,42,f,上海 浦东新区,
2968786632,要塞冰花浸种,848,9,147,m,海外,千金难买是朋友，朋友多了春常留
2646735643,蠢动道地翔实危亡,1905,15,129,m,海外,赚钱模式越多越说明你没有模式
2844613493,藏印迷,240,175,1328,m,海外 日本,音乐使一个民族的气质更高贵，例
