userid,text,create_at
1728875812,海尔应邀参加享誉国际的德国IFA展会，中美日韩意五国设计师亲临现场，向世界展示了代表未来前沿科技的创新家电！凭借多年的海外市场拓展，海尔品牌已被全世界消费者所熟识和喜爱，前所未有的设计体验和突破性的高端技术，再次打破了人们对中国制造的原有认知，很多人都由衷的对海尔竖起了大拇指！,2012/9/6 17:18:24
5109568813,转发微博,2014/4/21 16:31:27
2919663594,//@天齐滚热果决: 转发微博,2013/3/27 03:19:39
2804398602,//@天齐滚热果决: 转发微博,2013/3/26 19:28:02
1583272582,//@天齐滚热果决: 转发微博,2013/3/26 19:27:57
2920340264,//@烤着衣片辛亥: 转发微博,2013/3/25 14:15:17
1443892963,//@烤着衣片辛亥: 转发微博,2013/3/25 14:15:18
2808029942,//@谓手稿: 转发微博,2013/3/25 03:25:16
2919296254,//@谓手稿: 转发微博,2013/3/25 03:25:15
2803881490,//@烤着衣片辛亥: 转发微博,2013/3/24 20:56:49
2920502894,//@烤着衣片辛亥: 转发微博,2013/3/24 20:56:47
2919713790,//@谓手稿: 转发微博,2013/3/23 23:59:02
2920609000,//@谓手稿: 转发微博,2013/3/23 23:59:03
2920059920,//@有时泉之女都得: 转发微博,2013/3/22 05:32:40
2919285942,//@谓手稿: 转发微博,2013/3/18 05:36:29
1582871242,//@谓手稿: 转发微博,2013/3/17 00:44:34
2803355112,转发微博,2013/3/12 07:42:42
2919419690,//@割草主频传闻: 转发微博,2013/2/10 02:18:41
2803029600,//@割草主频传闻: 转发微博,2013/2/4 02:22:26
2919276182,//@割草主频传闻: 转发微博,2013/1/30 06:23:47
2919501404,//@割草主频传闻: 转发微博,2013/1/30 06:23:47
1583370381,//@割草主频传闻: 转发微博,2013/1/29 19:00:52
2805316364,//@割草主频传闻: 转发微博,2013/1/29 19:00:55
2054721575,转发微博。,2012/10/7 15:55:11
1886892422,[赞]以后家电考虑海尔。支持国货[亲亲],2012/9/21 23:41:51
2919598710,//@忘记时间619: 看中一款呢，想入手[可爱]////@飞鱼一泽: 第一次听说有水晶的耶 //@全球热门搜罗:大胡子设计师是海尔兄弟动画片里爷爷的真实版么！PS：水晶洗衣机真帅爆了！,2012/9/16 18:29:01
1778361945,//@钱谷卉: [v5]支持海尔，支持中国制造！ //@全球时尚创意:水晶洗衣机真的很炫诶！用 @海尔 的高科技做家务，劳动俨然变享受！,2012/9/16 15:51:09
1726383413,//@郎猫五次: 让技术革新来的更猛烈些吧。[拍手] //@全球时尚创意:水晶洗衣机真的很炫诶！用 @海尔 的高科技做家务，劳动俨然变享受！,2012/9/16 15:47:46
1583167131,//@慕容云朵的海角: 一个字：太棒了 //@全球热门收集:水晶洗衣机真的很炫诶！用 @海尔 的高科技做家务，劳动俨然变享受！,2012/9/16 02:24:10
2919812332,//@沐暮霂: 看见海尔出现在展厅时倍感亲切和自豪 //@创意-博物馆:亲们睁大眼睛，看好 @海尔 ！搞不好哪天谁又蹦出来说海尔其实是谁谁的孩子！,2012/9/16 01:52:08
1439658903,//@啸健泽轮: 回复@灵交融:是啊，能够收到邀请，本身就是一种荣耀，一种进步~ //@灵交融:德国IFA展会，貌似这个是比较权威的。 //@全球时尚创意:水晶洗衣机真的很炫诶！用 @海尔 的高科技做家务，劳动俨然变享受！,2012/9/15 21:38:05
2919618780,//@忘记时间619: 崇洋媚外呗 //@全球大百科:真心不明白为什么有些人只挑所谓的国外名牌，现在国外都用 @海尔,2012/9/15 19:41:27
2919612290,//@忘记时间619: 看中一款呢，想入手[可爱]////@飞鱼一泽: 第一次听说有水晶的耶 //@全球热门搜罗:大胡子设计师是海尔兄弟动画片里爷爷的真实版么！PS：水晶洗衣机真帅爆了！,2012/9/15 19:21:14
1777200010,//@岸边灯火: 回复@夜幕同学:我家里的电器一直都是海尔的，有的比我年纪还大！ //@夜幕同学:海尔的品质信得过。 //@全球时尚创意:水晶洗衣机真的很炫诶！用 @海尔 的高科技做家务，劳动俨然变享受！,2012/9/14 21:30:02
1140590423,//@伍仴份: [右边亮了]钓鱼岛是中国的！[带感]亮了哈！！ //@全球时尚创意:水晶洗衣机真的很炫诶！用 @海尔 的高科技做家务，劳动俨然变享受！,2012/9/14 20:41:50
2920506822,//@没有忘记的事: 钓鱼岛永远是中国的！！！！海尔也永远是中国滴！！！！ //@全球时尚创意:水晶洗衣机真的很炫诶！用 @海尔 的高科技做家务，劳动俨然变享受！,2012/9/14 01:46:59
1777191832,//@灵交融: 德国IFA展会，貌似这个是比较权威的。 //@全球时尚创意:水晶洗衣机真的很炫诶！用 @海尔 的高科技做家务，劳动俨然变享受！,2012/9/13 22:00:25
1949729710,转发微博,2012/9/13 19:09:06
1778407462,//@孤独狼w: 回复@邹娣维:支持一下，鼓励一下，继续加油吧[加油] //@邹娣维:[lxhx奋斗]海尔的进步我们每个人都能看到。 //@全球时尚创意:水晶洗衣机真的很炫诶！用 @海尔 的高科技做家务，劳动俨然变享受！,2012/9/13 15:46:20
1777507562,//@良奇连勇: 如同海尔一样，钓鱼岛是中国的！孔子也是中国的！而且MADE IN CHINA将不再代表山寨货！ 说的真好啊！[顶][顶][顶][顶][赞][赞][赞][赞] //@全球时尚创意:水晶洗衣机真的很炫诶！用 @海尔 的高科技做家务，劳动俨然变享受！,2012/9/13 13:54:44
1589654383,//@灵交融: 德国IFA展会，貌似这个是比较权威的。 //@全球时尚创意:水晶洗衣机真的很炫诶！用 @海尔 的高科技做家务，劳动俨然变享受！,2012/9/12 22:02:08
2039500284,右边说得好！！//@左岸danven: 前些天在德国看了IFA展会，看见海尔出现在展厅时倍感亲切和自豪！当时还想去和设计师们握手，特别想对日韩欧美的朋友说：如同海尔一样，钓鱼岛是中国的！孔子也是中国的！而且MADE IN CHINA将不再代表山寨货！,2012/9/12 18:17:30
1725763701,//@孤独狼w: 回复@邹娣维:支持一下，鼓励一下，继续加油吧[加油] //@邹娣维:[lxhx奋斗]海尔的进步我们每个人都能看到。 //@全球时尚创意:水晶洗衣机真的很炫诶！用 @海尔 的高科技做家务，劳动俨然变享受！,2012/9/12 16:00:08
1247632982,[给力][赞],2012/9/12 15:37:01
1727973834,//@SVT同学要爆发: MADE IN CHINA！,2012/9/12 15:04:13
1778285890,//@良奇连勇: 如同海尔一样，钓鱼岛是中国的！孔子也是中国的！而且MADE IN CHINA将不再代表山寨货！ 说的真好啊！[顶][顶][顶][顶][赞][赞][赞][赞] //@全球时尚创意:水晶洗衣机真的很炫诶！用 @海尔 的高科技做家务，劳动俨然变享受！,2012/9/12 14:06:48
2313700774,最懂我们的电视就是这样的海尔电视啊。,2012/9/11 13:54:18
2557200184,太自豪了，太骄傲了，拥有这样的海尔感觉好幸福的感受.,2012/9/11 13:53:30
2385737873,现在我们的海尔就是被外国认为就是最好的！[圣诞树],2012/9/11 13:53:06
2553587484,在德国IFA展中国的海尔就是这样的让我们一直的都喜欢着。,2012/9/11 13:51:50
2477658282,国产的品牌现在感觉才是最棒的哦，支持海尔！,2012/9/11 13:51:24
2559255324,当然就是最给力的最好的海尔电视支持永远！,2012/9/11 13:50:38
2346229843,真的是太高科技了，好喜欢这样的感觉啊。,2012/9/11 13:49:48
2558615590,当看到了这样的海尔视界真的在好了，支持吧！,2012/9/11 13:49:00
1780353162,好吸引人的一个海尔的电视啊，我也想看看。[抱抱],2012/9/11 13:48:35
2543035501,//@海尔电视: 海尔电视在IFA展上最为吸引“眼球”，视控操作让海尔电视成为最智能、最懂你的电视！,2012/9/11 13:35:46
1744214344,海尔电视在IFA展上最为吸引“眼球”，视控操作让海尔电视成为最智能、最懂你的电视！,2012/9/11 10:58:36
2178992130,顶！,2012/9/11 10:47:02
2964208850,中国创造不是一个梦,中国企业加油,钓鱼岛是中国人的!////@左岸danven: 前些天在德国看了IFA展会，看见海尔出现在展厅时倍感亲切和自豪！当时还想去和设计师们握手，特别想对日韩欧美的朋友说：如同海尔一样，钓鱼岛是中国的！孔子也是中国的！而且MADE IN CHINA将不再代表山寨货！,2012/9/11 08:35:24
2803840620,//@小番鼠shu: MADE IN CHINA！MADE IN CHINA！！ //@全球时尚创意:水晶洗衣机真的很炫诶！用 @海尔 的高科技做家务，劳动俨然变享受！,2012/9/11 05:29:43
2803271390,//@邹娣维: [lxhx奋斗]海尔的进步我们每个人都能看到。 //@全球时尚创意:水晶洗衣机真的很炫诶！用 @海尔 的高科技做家务，劳动俨然变享受！,2012/9/11 04:42:06
2790095440,//@戴林彩: 果然竖起了大拇指，牛啊。 //@全球时尚创意:水晶洗衣机真的很炫诶！用 @海尔 的高科技做家务，劳动俨然变享受！,2012/9/10 22:14:37
2790094912,//@UejRegan冰: 转发微博,2012/9/10 22:12:32
2789748572,//@皇家R球迷: 回复@暗夜游侠e:真的很给力哈~~[给力] //@暗夜游侠e:高科技又一次融入了生活，现在科技无处不在了。。 //@全球时尚创意:水晶洗衣机真的很炫诶！用 @海尔 的高科技做家务，劳动俨然变享受！,2012/9/10 15:35:34
2789825930,//@大兜观平: 海尔这次发力了，不过这是一直以来努力的厚积薄发。 //@全球时尚创意:水晶洗衣机真的很炫诶！用 @海尔 的高科技做家务，劳动俨然变享受！,2012/9/10 15:14:23
2789775704,//@暗夜游侠e: 高科技又一次融入了生活，现在科技无处不在了。。 //@全球时尚创意:水晶洗衣机真的很炫诶！用 @海尔 的高科技做家务，劳动俨然变享受！,2012/9/10 14:46:24
2789712514,//@陈佳琳幸福: 回复@棒夹:水晶洗衣机？挺有趣的！ //@棒夹:这个头一次看到啊，很炫哈。 //@全球时尚创意:水晶洗衣机真的很炫诶！用 @海尔 的高科技做家务，劳动俨然变享受！,2012/9/10 14:28:49
2789768614,//@苏保泰: 海尔，中国的世界的！//@全球时尚创意: 水晶洗衣机真的很炫诶！用 @海尔 的高科技做家务，劳动俨然变享受！ //@左岸danven: 前些天在德国看了IFA展会，看见海尔出现在展厅时倍感亲切和自豪！当时还想去和设计师们握手，特别想对日韩欧美的朋友说：。。。。。。,2012/9/10 14:27:19
2789806082,//@刘秋风88: 真的是很不错的呀！！//@夜幕同学：海尔的品质信得过。 //@全球时尚创意:水晶洗衣机真的很炫诶！用 @海尔 的高科技做家务，劳动俨然变享受！,2012/9/10 14:03:48
2789759164,//@热情欢喜冤家: [笑哈哈]科技当然要以人为本了！[酷]暗夜游侠e：高科技又一次融入了生活，现在科技无处不在了。。 //@全球时尚创意:水晶洗衣机真的很炫诶！用 @海尔 的高科技做家务，劳动俨然变享受！,2012/9/10 13:45:56
2789757720,//@水暖工nuan: 回复@小番鼠shu:希望以后这个能代表一种让人称赞的标语。 //@小番鼠shu:MADE IN CHINA！MADE IN CHINA！！ //@全球时尚创意:水晶洗衣机真的很炫诶！用 @海尔 的高科技做家务，劳动俨然变享受！,2012/9/10 13:40:58
2789799180,//@田畅昆: 回复@曹丰斌:真的不容易，做一件事容易，改变人家的观念太难了！[顶] //@曹丰斌:中国的品质终于不代表山寨了，这不得不说是一个巨大的进步呢。 //@全球时尚创意:水晶洗衣机真的很炫诶！用 @海尔 的高科技做家务，劳动俨然变享受！,2012/9/10 13:39:57
1264453983,[哈哈] //@杨不坏:一想到世界各地的不同家庭里都放着中国 @海尔 的产品，心里就一阵暗爽。,2012/9/10 12:54:52
2449073531,回复@连着度娘: 嘻嘻，老妈辈的就是海尔谜@海尔 //@连着度娘:额就特喜欢海尔[嘻嘻] //@生活创意DIY精选:一想到世界各地的不同家庭里都放着中国 @海尔 的产品，心里就一阵暗爽。,2012/9/10 10:59:39
2449059011,钓鱼岛是中国的！！！！！！！！！！！！！！！！！！！！！！！！！11 //@全球新鲜资讯:在很多企业想尽一切办法赚眼球抢人气的时候，海尔已经成功走上了国际舞台！,2012/9/10 10:58:24
2513109502,回复@情况紧极:嘻嘻。国人对他都很有感觉。 //@情况紧极:[太开心]海尔好有感觉哦。 //@时尚生活小百科:不亏是海尔顶尖设计师，产品都很养眼又有科技感，顿时有未来生活的赶脚了！,2012/9/10 10:56:29
2439588993,海尔早就走出国界了。[最右] //@生活小智慧:不亏是海尔顶尖设计师，产品都很养眼又有科技感，顿时有未来生活的赶脚了！,2012/9/10 10:54:27
2448158191,全国知名品牌。 //@全球新鲜资讯:在很多企业想尽一切办法赚眼球抢人气的时候，海尔已经成功走上了国际舞台！,2012/9/10 10:45:06
2010881972,中国的企业都像海尔那样注重原创，那文化产业的春天就来了!,2012/9/10 10:43:56
2448740553,我家很多东东都是海尔的哦[可爱] //@全球热门收集:水晶洗衣机真的很炫诶！用 @海尔 的高科技做家务，劳动俨然变享受！,2012/9/10 10:23:42
2447685035,[太开心]海尔好有感觉哦。 //@时尚生活小百科:不亏是海尔顶尖设计师，产品都很养眼又有科技感，顿时有未来生活的赶脚了！,2012/9/10 10:22:14
2790052682,//@戴林彩: 果然竖起了大拇指，牛啊。 //@全球时尚创意:水晶洗衣机真的很炫诶！用 @海尔 的高科技做家务，劳动俨然变享受！,2012/9/10 01:02:35
2790094964,//@UejRegan冰: 转发微博,2012/9/10 01:00:50
1691999170,好漂亮！！我也想要！！＾ ＾//@全球热门收集:水晶洗衣机真的很炫诶！用 @海尔 的高科技做家务，劳动俨然变享受！,2012/9/9 23:57:53
1245768327,to chinese customers为什么要用英语？,2012/9/9 21:51:38
2573251450,回复@萝莉吉祥:很强大啊海尔果然牛 //@萝莉吉祥:海尔真是名不虚传呀[赞] //@全球热门排行榜精选:大胡子设计师是海尔兄弟动画片里爷爷的真实版么！PS：水晶洗衣机真帅爆了！,2012/9/9 19:33:38
2573240884,回复@蓝的泪水cs神:海尔加油，向海尔致敬，向海尔学习 //@蓝的泪水cs神:这设计真是给力的说 //@时尚生活小百科:不亏是海尔顶尖设计师，产品都很养眼又有科技感，顿时有未来生活的赶脚了！,2012/9/9 19:29:17
2548909762,回复@炎皇之祖:海尔的产品就是让人相信 //@炎皇之祖:希望洗衣机的美观和实用性成正比 //@时尚生活小百科:不亏是海尔顶尖设计师，产品都很养眼又有科技感，顿时有未来生活的赶脚了！,2012/9/9 19:10:09
2489963151,回复@预_约_幸福:现在好像每家都有海尔的东西吧. //@预_约_幸福:我的手机就是买的海尔 //@杨不坏:一想到世界各地的不同家庭里都放着中国 @海尔 的产品，心里就一阵暗爽。,2012/9/9 18:11:51
2487380135,回复@没呼吸D男人:我朋友家用的是海尔热水器 //@没呼吸D男人:我家想买热水器，三个人用的。海尔的怎么样？ //@孙鹏:我们支持海尔，也支持海尔来自国际的设计师。希望各个多家也都懂互相尊重。,2012/9/9 18:00:07
1882432504,//@左岸danven:前些天在德国看了IFA展会，看见海尔出现在展厅时倍感亲切和自豪！当时还想去和设计师们握手，特别想对日韩欧美的朋友说：如同海尔一样，钓鱼岛是中国的！孔子也是中国的！而且MADE IN CHINA将不再代表山寨货！,2012/9/9 17:27:41
1975286643,[鄙视]海尔，以后坚决不买海尔的洗衣机 [右哼哼]//@阿清Rose: @佩佩的猫窝 [偷笑],2012/9/9 17:07:36
1789486244,海尔洗衣机在德国卖的不错，再多几个经销商就好了//@再乱买就斩手的小笔://@左岸danven:前些天在德国看了IFA展会，看见海尔出现在展厅时倍感亲切和自豪！当时还想去和设计师们握手，特别想对日韩欧美的朋友说：如同海尔一样，钓鱼岛是中国的！孔子也是中国的！而且MADE IN CHINA将不再代表山寨货！,2012/9/9 17:05:18
2536581012,回复@彩虹妹妹20_1g9:海尔是国企，但总有一小部分人看不起他，不过我也看不起那一小部分人 //@彩虹妹妹20_1g9:喜欢海尔的人太多了 //@时尚生活小百科:不亏是海尔顶尖设计师，产品都很养眼又有科技感，顿时有未来生活的赶脚了！,2012/9/9 17:02:48
2012911751,@佩佩的猫窝 [偷笑],2012/9/9 17:01:16
2504052871,不亏是海尔顶尖设计师，产品都很养眼又有科技感，顿时有未来生活的赶脚了！ 左岸danven:前些天在德国看了IFA展会，看见海尔出现在展厅时倍感亲切和自豪！当时还想去和设计师们握手，特别想对日韩欧美的朋友说：如同海尔一样，钓鱼岛是中国的！孔子也是中国的！而且MADE IN CHINA将不再代表山寨货！,2012/9/9 16:48:14
2536351120,回复@赶集激流宇通涨幅:呵呵，我家也有的呢 //@赶集激流宇通涨幅:[给力]   海尔真够牛气，让世界也刮目相看啊 //@时尚生活小百科:不亏是海尔顶尖设计师，产品都很养眼又有科技感，顿时有未来生活的赶脚了！,2012/9/9 16:29:31
2536297312,海尔的洗衣机是真的很耐用 //@生活小智慧:不亏是海尔顶尖设计师，产品都很养眼又有科技感，顿时有未来生活的赶脚了！,2012/9/9 16:27:43
1853817811,[花心] //@蘑菇点点子:@_Super曼 //@左岸danven:前些天在德国看了IFA展会，看见海尔出现在展厅时倍感亲切和自豪！当时还想去和设计师们握手，特别想对日韩欧美的朋友说：如同海尔一样，钓鱼岛是中国的！孔子也是中国的！而且MADE IN CHINA将不再代表山寨货！,2012/9/9 16:19:38
2844612277,转发微博,2012/9/9 16:08:36
2844929145,转发微博,2012/9/9 16:08:27
2932022450,转发微博,2012/9/9 16:08:12
2964725444,转发微博,2012/9/9 16:08:10
2741470345,转发微博,2012/9/9 16:07:58
2927904187,转发微博,2012/9/9 16:07:51
2927974243,转发微博,2012/9/9 16:07:47
2927904863,转发微博,2012/9/9 16:07:39
2931991582,转发微博,2012/9/9 16:07:32
2931977462,转发微博,2012/9/9 16:07:28
2927973773,转发微博,2012/9/9 16:07:16
2741287743,超强的性能，更是我们所需要的,2012/9/9 16:07:15
2844927625,转发微博,2012/9/9 16:07:01
2844651335,转发微博,2012/9/9 16:06:42
2932023560,转发微博,2012/9/9 16:06:16
2932023844,转发微博,2012/9/9 16:05:59
2741266033,转发微博,2012/9/9 16:05:58
2927974143,转发微博,2012/9/9 16:05:47
2927977303,转发微博,2012/9/9 16:05:42
2964703360,转发微博,2012/9/9 16:05:31
2928668105,转发微博,2012/9/9 16:05:26
2844900185,转发微博,2012/9/9 16:05:14
2964726150,转发微博,2012/9/9 16:05:14
2741575367,转发微博,2012/9/9 16:05:00
2927907617,转发微博,2012/9/9 16:04:35
2928674011,转发微博,2012/9/9 16:04:24
2928735701,转发微博,2012/9/9 16:04:14
2964736140,转发微博,2012/9/9 16:04:04
2844884943,转发微博,2012/9/9 16:04:01
2927906277,转发微博,2012/9/9 16:03:55
2844897935,转发微博,2012/9/9 16:03:46
2741288597,转发微博,2012/9/9 16:03:30
2844644665,海尔的品牌，一直是最信赖的．,2012/9/9 16:03:11
2931975070,转发微博,2012/9/9 16:02:58
2789826002,//@大兜观平: 海尔这次发力了，不过这是一直以来努力的厚积薄发。 //@全球时尚创意:水晶洗衣机真的很炫诶！用 @海尔 的高科技做家务，劳动俨然变享受！,2012/9/9 16:02:41
2928742061,转发微博,2012/9/9 16:02:21
2741552683,转发微博,2012/9/9 16:02:16
2964853124,转发微博,2012/9/9 16:02:10
2741289087,转发微博,2012/9/9 16:02:09
2741476115,这样的产品必然会大卖[给力][给力],2012/9/9 16:02:04
2931944992,转发微博,2012/9/9 16:02:03
2932025652,转发微博,2012/9/9 16:01:58
2741175535,转发微博,2012/9/9 16:01:49
2741548277,转发微博,2012/9/9 16:01:45
2741273677,转发微博,2012/9/9 16:01:42
2928742811,转发微博,2012/9/9 16:01:39
2964731354,水晶洗衣机的外形是我喜欢的，也不占空间．,2012/9/9 16:01:30
2964846394,[花心]我也喜欢这款，不错．,2012/9/9 16:01:23
2844863123,转发微博,2012/9/9 16:01:08
2741289867,转发微博,2012/9/9 16:00:49
2741494025,转发微博,2012/9/9 16:00:38
2844920101,转发微博,2012/9/9 16:00:20
2844610187,转发微博,2012/9/9 15:59:58
2927969793,转发微博,2012/9/9 15:59:58
2844922791,转发微博,2012/9/9 15:59:43
2741584983,转发微博,2012/9/9 15:59:22
2927974063,转发微博,2012/9/9 15:59:08
2741471851,转发微博,2012/9/9 15:58:56
2964730860,转发微博,2012/9/9 15:58:45
2928714025,转发微博,2012/9/9 12:50:00
2844737845,转发微博,2012/9/9 12:49:55
2964824064,转发微博,2012/9/9 12:49:55
2741565427,转发微博,2012/9/9 12:49:54
2844774605,转发微博,2012/9/9 12:49:47
2931967164,//@时尚生活小百科: 不亏是海尔顶尖设计师，产品都很养眼又有科技感，顿时有未来生活的赶脚了！,2012/9/9 12:49:46
2932011654,转发微博,2012/9/9 12:49:40
2927930567,转发微博,2012/9/9 12:49:38
2931967544,//@时尚生活小百科: 不亏是海尔顶尖设计师，产品都很养眼又有科技感，顿时有未来生活的赶脚了！,2012/9/9 12:49:38
2741405393,转发微博,2012/9/9 12:49:37
2931970664,转发微博,2012/9/9 12:49:26
2741354423,转发微博,2012/9/9 12:49:21
2964770460,转发微博,2012/9/9 12:49:19
2928737351,转发微博,2012/9/9 12:49:19
2964793710,转发微博,2012/9/9 12:49:14
2741589207,转发微博,2012/9/9 12:49:12
2964760050,//@时尚生活小百科: 不亏是海尔顶尖设计师，产品都很养眼又有科技感，顿时有未来生活的赶脚了！,2012/9/9 12:49:10
2964767480,转发微博,2012/9/9 12:49:07
2844678453,转发微博,2012/9/9 12:49:01
2844698417,转发微博,2012/9/9 12:48:59
2741267041,//@时尚生活小百科: 不亏是海尔顶尖设计师，产品都很养眼又有科技感，顿时有未来生活的赶脚了！,2012/9/9 12:48:49
2931966484,//@时尚生活小百科: 不亏是海尔顶尖设计师，产品都很养眼又有科技感，顿时有未来生活的赶脚了！,2012/9/9 12:48:49
2928685381,转发微博,2012/9/9 12:48:49
2931966012,转发微博,2012/9/9 12:48:42
2964765190,转发微博,2012/9/9 12:48:32
2964778894,转发微博,2012/9/9 12:48:31
2741272885,转发微博,2012/9/9 12:48:31
2741315355,//@时尚生活小百科: 不亏是海尔顶尖设计师，产品都很养眼又有科技感，顿时有未来生活的赶脚了！,2012/9/9 12:48:29
2931985174,转发微博,2012/9/9 12:48:28
2844827753,转发微博,2012/9/9 12:48:25
2928691801,转发微博,2012/9/9 12:48:24
2931965302,//@时尚生活小百科: 不亏是海尔顶尖设计师，产品都很养眼又有科技感，顿时有未来生活的赶脚了！,2012/9/9 12:48:19
2927954017,转发微博,2012/9/9 12:48:18
2741313461,转发微博,2012/9/9 12:48:17
2931960394,转发微博,2012/9/9 12:48:15
2844817063,转发微博,2012/9/9 12:48:15
2741414877,转发微博,2012/9/9 12:48:13
2964786874,转发微博,2012/9/9 12:48:12
2844785421,转发微博,2012/9/9 12:48:12
2931988910,//@时尚生活小百科: 不亏是海尔顶尖设计师，产品都很养眼又有科技感，顿时有未来生活的赶脚了！,2012/9/9 12:48:09
2844705697,转发微博,2012/9/9 12:48:07
2964796370,转发微博,2012/9/9 12:48:06
2927928727,//@时尚生活小百科: 不亏是海尔顶尖设计师，产品都很养眼又有科技感，顿时有未来生活的赶脚了！,2012/9/9 12:48:06
2964783042,转发微博,2012/9/9 12:48:04
2844716393,转发微博,2012/9/9 12:47:59
2844795995,转发微博,2012/9/9 12:47:59
2964771462,转发微博,2012/9/9 12:47:59
2844721125,转发微博,2012/9/9 12:47:57
2931983014,转发微博,2012/9/9 12:47:57
2844673093,转发微博,2012/9/9 12:47:48
2931957554,转发微博,2012/9/9 12:47:46
2927922887,转发微博,2012/9/9 12:47:39
2931958894,转发微博,2012/9/9 12:47:39
2964763870,转发微博,2012/9/9 12:47:32
2928706911,转发微博,2012/9/9 12:47:29
2964750762,//@时尚生活小百科: 不亏是海尔顶尖设计师，产品都很养眼又有科技感，顿时有未来生活的赶脚了！,2012/9/9 12:47:25
2928697185,转发微博,2012/9/9 12:47:26
2741417963,转发微博,2012/9/9 12:47:17
2844765671,转发微博,2012/9/9 12:47:12
2931992510,转发微博,2012/9/9 12:47:13
2931971694,转发微博,2012/9/9 12:47:10
2931969024,转发微博,2012/9/9 12:47:05
2741517733,转发微博,2012/9/9 12:47:05
2844724421,转发微博,2012/9/9 12:47:02
2928684835,//@时尚生活小百科: 不亏是海尔顶尖设计师，产品都很养眼又有科技感，顿时有未来生活的赶脚了！,2012/9/9 12:46:59
2741352461,转发微博,2012/9/9 12:46:58
2844742637,转发微博,2012/9/9 12:46:57
2844763297,转发微博,2012/9/9 12:46:55
2741445337,转发微博,2012/9/9 12:46:53
2964802622,转发微博,2012/9/9 12:46:52
2741272495,转发微博,2012/9/9 12:46:50
2928689391,//@时尚生活小百科: 不亏是海尔顶尖设计师，产品都很养眼又有科技感，顿时有未来生活的赶脚了！,2012/9/9 12:46:49
2931967982,转发微博,2012/9/9 12:46:46
2931966724,转发微博,2012/9/9 12:46:43
2928688631,//@时尚生活小百科: 不亏是海尔顶尖设计师，产品都很养眼又有科技感，顿时有未来生活的赶脚了！,2012/9/9 12:46:39
2964833200,转发微博,2012/9/9 12:46:38
2928696935,转发微博,2012/9/9 12:46:37
2931998032,转发微博,2012/9/9 12:46:36
2964789080,转发微博,2012/9/9 12:46:36
2932003090,转发微博,2012/9/9 12:46:28
2741414217,转发微博,2012/9/9 12:46:26
2741346281,转发微博,2012/9/9 12:46:24
2964761392,转发微博,2012/9/9 12:46:20
2741417107,转发微博,2012/9/9 12:46:17
2964786754,转发微博,2012/9/9 12:46:06
2964763982,转发微博,2012/9/9 12:46:02
2964742110,转发微博,2012/9/9 12:45:56
2844794725,转发微博,2012/9/9 12:45:52
2741294605,转发微博,2012/9/9 12:45:47
2931956472,转发微博,2012/9/9 12:45:46
2931962230,转发微博,2012/9/9 12:45:45
2927961063,转发微博,2012/9/9 12:45:44
2927927087,转发微博,2012/9/9 12:45:44
2964782200,转发微博,2012/9/9 12:45:41
2844712213,转发微博,2012/9/9 12:45:39
2928725785,转发微博,2012/9/9 12:45:38
2964858872,转发微博,2012/9/9 12:45:35
2931993472,转发微博,2012/9/9 12:45:32
2931990650,转发微博,2012/9/9 12:45:32
2931987244,转发微博,2012/9/9 12:45:30
2741435741,转发微博,2012/9/9 12:45:28
2928689455,转发微博,2012/9/9 12:45:23
2927928023,转发微博,2012/9/9 12:45:23
2931962200,//@时尚生活小百科: 不亏是海尔顶尖设计师，产品都很养眼又有科技感，顿时有未来生活的赶脚了！,2012/9/9 12:45:22
2964826984,转发微博,2012/9/9 12:45:19
2931984094,转发微博,2012/9/9 12:45:19
2741431711,转发微博,2012/9/9 12:45:15
2964783604,//@时尚生活小百科: 不亏是海尔顶尖设计师，产品都很养眼又有科技感，顿时有未来生活的赶脚了！,2012/9/9 12:45:15
2931984804,转发微博,2012/9/9 12:45:14
2741433901,转发微博,2012/9/9 12:45:14
2931960914,转发微博,2012/9/9 12:45:13
2741342653,转发微博,2012/9/9 12:45:11
2928701645,转发微博,2012/9/9 12:45:02
2964798322,转发微博,2012/9/9 12:45:02
2927957177,转发微博,2012/9/9 12:44:58
2741355277,//@时尚生活小百科: 不亏是海尔顶尖设计师，产品都很养眼又有科技感，顿时有未来生活的赶脚了！,2012/9/9 12:44:54
2927921253,//@时尚生活小百科: 不亏是海尔顶尖设计师，产品都很养眼又有科技感，顿时有未来生活的赶脚了！,2012/9/9 12:44:51
2844736211,//@时尚生活小百科: 不亏是海尔顶尖设计师，产品都很养眼又有科技感，顿时有未来生活的赶脚了！,2012/9/9 12:44:51
2964835972,转发微博,2012/9/9 12:44:51
2928689471,转发微博,2012/9/9 12:44:41
2964866252,转发微博,2012/9/9 12:44:39
2964787254,//@时尚生活小百科: 不亏是海尔顶尖设计师，产品都很养眼又有科技感，顿时有未来生活的赶脚了！,2012/9/9 12:44:33
2741258475,转发微博,2012/9/9 12:44:31
2964833222,转发微博,2012/9/9 12:44:31
2844662997,转发微博,2012/9/9 12:44:27
2844671277,转发微博,2012/9/9 12:44:26
2844673697,转发微博,2012/9/9 12:44:25
2932022642,转发微博,2012/9/9 12:44:25
2931998890,转发微博,2012/9/9 12:44:24
2927936223,转发微博,2012/9/9 12:44:14
2844827033,转发微博,2012/9/9 12:44:11
2741470541,转发微博,2012/9/9 12:44:09
2932023130,转发微博,2012/9/9 12:44:10
2928691185,//@时尚生活小百科: 不亏是海尔顶尖设计师，产品都很养眼又有科技感，顿时有未来生活的赶脚了！,2012/9/9 12:44:09
2931998812,转发微博,2012/9/9 12:44:07
2741346085,转发微博,2012/9/9 12:44:01
2927956463,转发微博,2012/9/9 12:43:59
2931961340,转发微博,2012/9/9 12:43:55
2741423237,转发微博,2012/9/9 12:43:55
2964787422,转发微博,2012/9/9 12:43:54
2964757740,转发微博,2012/9/9 12:43:52
2844698423,//@时尚生活小百科: 不亏是海尔顶尖设计师，产品都很养眼又有科技感，顿时有未来生活的赶脚了！,2012/9/9 12:43:52
2927937197,转发微博,2012/9/9 12:43:51
2928725505,转发微博,2012/9/9 12:43:49
2931984102,转发微博,2012/9/9 12:43:46
2844721791,//@时尚生活小百科: 不亏是海尔顶尖设计师，产品都很养眼又有科技感，顿时有未来生活的赶脚了！,2012/9/9 12:43:45
2931961624,转发微博,2012/9/9 12:43:41
2844800605,转发微博,2012/9/9 12:43:41
2844750845,转发微博,2012/9/9 12:43:41
2964748224,转发微博,2012/9/9 12:43:40
2741331933,转发微博,2012/9/9 12:43:37
2844737721,转发微博,2012/9/9 12:43:37
2741296305,转发微博,2012/9/9 12:43:37
2844788691,转发微博,2012/9/9 12:43:36
2741573137,转发微博,2012/9/9 12:43:35
2964770532,转发微博,2012/9/9 12:43:35
2927923363,//@时尚生活小百科: 不亏是海尔顶尖设计师，产品都很养眼又有科技感，顿时有未来生活的赶脚了！,2012/9/9 12:43:33
2931971430,转发微博,2012/9/9 12:43:31
2741396813,//@时尚生活小百科: 不亏是海尔顶尖设计师，产品都很养眼又有科技感，顿时有未来生活的赶脚了！,2012/9/9 12:43:29
2741339101,转发微博,2012/9/9 12:43:28
2741341667,转发微博,2012/9/9 12:43:26
2844704731,转发微博,2012/9/9 12:43:26
2931991424,转发微博,2012/9/9 12:43:25
2927932277,转发微博,2012/9/9 12:43:24
2931958132,//@时尚生活小百科: 不亏是海尔顶尖设计师，产品都很养眼又有科技感，顿时有未来生活的赶脚了！,2012/9/9 12:43:20
2931992272,转发微博,2012/9/9 12:43:19
2844811733,转发微博,2012/9/9 12:43:16
2928687791,转发微博,2012/9/9 12:43:15
2931982790,转发微博,2012/9/9 12:43:15
2741286105,转发微博,2012/9/9 12:43:13
2927929847,转发微博,2012/9/9 12:43:11
2741335097,转发微博,2012/9/9 12:43:08
2964856520,转发微博,2012/9/9 12:43:09
2741345427,转发微博,2012/9/9 12:43:05
2844670967,//@时尚生活小百科: 不亏是海尔顶尖设计师，产品都很养眼又有科技感，顿时有未来生活的赶脚了！,2012/9/9 12:43:04
2932001640,转发微博,2012/9/9 12:43:03
2844768475,转发微博,2012/9/9 12:43:02
2741403433,//@时尚生活小百科: 不亏是海尔顶尖设计师，产品都很养眼又有科技感，顿时有未来生活的赶脚了！,2012/9/9 12:42:56
2964769012,//@时尚生活小百科: 不亏是海尔顶尖设计师，产品都很养眼又有科技感，顿时有未来生活的赶脚了！,2012/9/9 12:42:55
2964755690,转发微博,2012/9/9 12:42:55
2844717055,转发微博,2012/9/9 12:42:52
2928685325,转发微博,2012/9/9 12:42:51
2844795635,转发微博,2012/9/9 12:42:47
2931958044,转发微博,2012/9/9 12:42:47
2928698291,转发微博,2012/9/9 12:42:45
2741330425,转发微博,2012/9/9 12:42:43
2932002834,转发微博,2012/9/9 12:42:39
2927934647,转发微博,2012/9/9 12:42:38
2844754845,转发微博,2012/9/9 12:42:35
2928721135,转发微博,2012/9/9 12:42:32
2928726531,转发微博,2012/9/9 12:42:31
2964748700,转发微博,2012/9/9 12:42:31
2844738627,转发微博,2012/9/9 12:42:29
2927927243,转发微博,2012/9/9 12:42:28
2964830662,转发微博,2012/9/9 12:42:24
2964781892,//@时尚生活小百科: 不亏是海尔顶尖设计师，产品都很养眼又有科技感，顿时有未来生活的赶脚了！,2012/9/9 12:42:25
2928701235,转发微博,2012/9/9 12:42:24
2844686093,转发微博,2012/9/9 12:42:24
2741401527,转发微博,2012/9/9 12:42:20
2927956207,转发微博,2012/9/9 12:42:20
2927921783,转发微博,2012/9/9 12:42:19
2931997872,转发微博,2012/9/9 12:42:15
2844669513,转发微博,2012/9/9 12:42:14
2844900313,转发微博,2012/9/9 12:42:08
2927933737,转发微博,2012/9/9 12:42:10
2964836762,转发微博,2012/9/9 12:42:07
2964824060,转发微博,2012/9/9 12:42:01
2844907385,转发微博,2012/9/9 12:42:00
2741411205,转发微博,2012/9/9 12:41:59
2964796654,转发微博,2012/9/9 12:41:56
2927924163,转发微博,2012/9/9 12:41:55
2964746492,转发微博,2012/9/9 12:41:55
2741272561,转发微博,2012/9/9 12:41:52
2844789265,转发微博,2012/9/9 12:41:53
2927937077,转发微博,2012/9/9 12:41:51
2741255855,转发微博,2012/9/9 12:41:48
2931956524,转发微博,2012/9/9 12:41:44
2741394973,转发微博,2012/9/9 12:41:44
2964757210,转发微博,2012/9/9 12:41:44
2844806785,转发微博,2012/9/9 12:41:44
2927936057,转发微博,2012/9/9 12:41:37
2928689821,转发微博,2012/9/9 12:41:37
2931985260,//@时尚生活小百科: 不亏是海尔顶尖设计师，产品都很养眼又有科技感，顿时有未来生活的赶脚了！,2012/9/9 12:41:27
2931964814,转发微博,2012/9/9 12:41:26
1873968734,//@全球新鲜资讯: 在很多企业想尽一切办法赚眼球抢人气的时候，海尔已经成功走上了国际舞台！,2012/9/9 12:41:24
2844872847,转发微博,2012/9/9 12:41:19
2964739640,转发微博,2012/9/9 12:41:19
2844776655,转发微博,2012/9/9 12:41:16
2964802650,转发微博,2012/9/9 12:41:12
2741428683,转发微博,2012/9/9 12:41:08
2844936505,转发微博,2012/9/9 12:41:07
2927929663,//@时尚生活小百科: 不亏是海尔顶尖设计师，产品都很养眼又有科技感，顿时有未来生活的赶脚了！,2012/9/9 12:41:01
2741388573,转发微博,2012/9/9 12:41:02
2844867207,转发微博,2012/9/9 12:40:58
2931984834,转发微博,2012/9/9 12:40:56
2964757822,转发微博,2012/9/9 12:40:53
2964773534,转发微博,2012/9/9 12:40:52
2844662637,转发微博,2012/9/9 12:40:45
2964788724,转发微博,2012/9/9 12:40:30
2931992270,转发微博,2012/9/9 12:40:29
2964794804,转发微博,2012/9/9 12:40:29
2844734695,转发微博,2012/9/9 12:40:28
2741524923,转发微博,2012/9/9 12:40:27
2931960762,转发微博,2012/9/9 12:40:24
2964782774,//@时尚生活小百科: 不亏是海尔顶尖设计师，产品都很养眼又有科技感，顿时有未来生活的赶脚了！,2012/9/9 12:40:24
2741401657,转发微博,2012/9/9 12:40:24
2741486575,转发微博,2012/9/9 12:40:20
2844751341,转发微博,2012/9/9 12:40:17
2741347137,//@时尚生活小百科: 不亏是海尔顶尖设计师，产品都很养眼又有科技感，顿时有未来生活的赶脚了！,2012/9/9 12:40:16
2964778500,转发微博,2012/9/9 12:40:15
2741395427,转发微博,2012/9/9 12:40:07
2844858211,转发微博,2012/9/9 12:40:05
2741276891,转发微博,2012/9/9 12:40:02
2928720461,转发微博,2012/9/9 12:39:58
2741325565,转发微博,2012/9/9 12:39:57
2932024890,转发微博,2012/9/9 12:39:56
2964794524,转发微博,2012/9/9 12:39:54
2741344581,转发微博,2012/9/9 12:39:51
2931984312,转发微博,2012/9/9 12:39:46
2741253665,转发微博,2012/9/9 12:39:46
2741314371,转发微博,2012/9/9 12:39:41
2741499343,转发微博,2012/9/9 12:39:41
2928691481,转发微博,2012/9/9 12:39:41
2844672177,转发微博,2012/9/9 12:39:40
2844887543,转发微博,2012/9/9 12:39:39
2741269921,转发微博,2012/9/9 12:39:34
2741561433,转发微博,2012/9/9 12:39:33
2931991872,转发微博,2012/9/9 12:39:33
2928705005,转发微博,2012/9/9 12:39:31
2964762702,转发微博,2012/9/9 12:39:28
2741278095,转发微博,2012/9/9 12:39:26
2928692251,转发微博,2012/9/9 12:39:27
2931995402,//@时尚生活小百科: 不亏是海尔顶尖设计师，产品都很养眼又有科技感，顿时有未来生活的赶脚了！,2012/9/9 12:39:27
2927922097,转发微博,2012/9/9 12:39:21
2964763214,//@时尚生活小百科: 不亏是海尔顶尖设计师，产品都很养眼又有科技感，顿时有未来生活的赶脚了！,2012/9/9 12:39:21
2931968694,转发微博,2012/9/9 12:39:20
2931984214,转发微博,2012/9/9 12:39:19
2964824280,转发微博,2012/9/9 12:39:19
2932027654,转发微博,2012/9/9 12:39:18
2844702791,转发微博,2012/9/9 12:39:17
2741550843,转发微博,2012/9/9 12:39:12
2931994644,转发微博,2012/9/9 12:39:11
2964801612,转发微博,2012/9/9 12:39:09
2931990254,转发微博,2012/9/9 12:39:07
2844916151,转发微博,2012/9/9 12:39:06
2964802354,转发微博,2012/9/9 12:39:06
2964755480,转发微博,2012/9/9 12:39:06
2844731091,转发微博,2012/9/9 12:39:04
2741413437,转发微博,2012/9/9 12:39:03
2844905643,转发微博,2012/9/9 12:39:02
2927972367,转发微博,2012/9/9 12:39:01
2844713967,转发微博,2012/9/9 12:38:56
2931967160,转发微博,2012/9/9 12:38:53
2931980694,转发微博,2012/9/9 12:38:51
2741507867,转发微博,2012/9/9 12:38:51
2932025502,转发微博,2012/9/9 12:38:49
2844815423,转发微博,2012/9/9 12:38:46
2964798392,转发微博,2012/9/9 12:38:45
2741383323,转发微博,2012/9/9 12:38:45
2741407557,//@时尚生活小百科: 不亏是海尔顶尖设计师，产品都很养眼又有科技感，顿时有未来生活的赶脚了！,2012/9/9 12:38:44
2927977673,转发微博,2012/9/9 12:38:40
2844705147,转发微博,2012/9/9 12:38:34
2844832313,转发微博,2012/9/9 12:38:32
2741506687,转发微博,2012/9/9 12:38:31
2844734635,转发微博,2012/9/9 12:38:25
2844870611,转发微博,2012/9/9 12:38:24
2964804124,转发微博,2012/9/9 12:38:23
2927923093,转发微博,2012/9/9 12:38:23
2844727745,转发微博,2012/9/9 12:38:23
2844725205,转发微博,2012/9/9 12:38:20
2964828600,转发微博,2012/9/9 12:38:19
2964743120,转发微博,2012/9/9 12:38:15
2928697325,转发微博,2012/9/9 12:38:11
2927960353,转发微博,2012/9/9 12:38:08
2844849445,转发微博,2012/9/9 12:38:07
2844771215,转发微博,2012/9/9 12:38:06
2964790980,转发微博,2012/9/9 12:38:06
2927929787,转发微博,2012/9/9 12:38:06
2844779181,转发微博,2012/9/9 12:37:59
2931996902,转发微博,2012/9/9 12:37:59
2844873695,转发微博,2012/9/9 12:37:58
2931986650,转发微博,2012/9/9 12:37:55
2931970160,转发微博,2012/9/9 12:37:54
2964725820,转发微博,2012/9/9 12:37:51
2931969852,转发微博,2012/9/9 12:37:50
2741354421,转发微博,2012/9/9 12:37:50
2931957784,转发微博,2012/9/9 12:37:49
2741347397,转发微博,2012/9/9 12:37:42
2964814190,转发微博,2012/9/9 12:37:41
2932024742,转发微博,2012/9/9 12:37:40
2964726710,//@时尚生活小百科: 不亏是海尔顶尖设计师，产品都很养眼又有科技感，顿时有未来生活的赶脚了！,2012/9/9 12:37:39
2927918197,转发微博,2012/9/9 12:37:31
2741585707,转发微博,2012/9/9 12:37:31
2741372407,转发微博,2012/9/9 12:37:28
2844677147,转发微博,2012/9/9 12:37:24
2927933097,//@时尚生活小百科: 不亏是海尔顶尖设计师，产品都很养眼又有科技感，顿时有未来生活的赶脚了！,2012/9/9 12:37:21
2741441131,转发微博,2012/9/9 12:37:18
2080490915,转发微博,2012/9/9 11:15:39
2793452732,海尔是中国的骄傲，支持了,2012/9/9 11:15:36
2741220511,转发微博,2012/9/9 11:15:18
1702096491,转发微博,2012/9/9 11:15:11
2962759470,转发微博,2012/9/9 11:15:10
1563421484,转发微博,2012/9/9 11:15:08
2346596063,转发微博,2012/9/9 11:15:03
2844762403,转发微博,2012/9/9 11:14:59
1727136582,转发微博,2012/9/9 11:14:58
2080490915,转发微博,2012/9/9 11:14:52
1702096491,转发微博,2012/9/9 11:14:48
2931976544,转发微博,2012/9/9 11:14:44
1634718221,钓鱼岛是中国的 孔子也是中国 //@左岸danven: 前些天在德国看了IFA展会，看见海尔出现在展厅时倍感亲切和自豪！当时还想去和设计师们握手，特别想对日韩欧美的朋友说：如同海尔一样，钓鱼岛是中国的！孔子也是中国的！而且MADE IN CHINA将不再代表山寨货！,2012/9/9 11:14:39
1727136582,转发微博,2012/9/9 11:14:37
1997306301,转发微博,2012/9/9 11:14:38
2282995823,转发微博,2012/9/9 11:14:32
2964706000,转发微博,2012/9/9 11:14:32
1563421484,转发微博,2012/9/9 11:14:30
2080490915,转发微博,2012/9/9 11:14:23
2964740582,转发微博,2012/9/9 11:14:23
2346596063,转发微博,2012/9/9 11:14:22
1727136582,转发微博,2012/9/9 11:14:20
2721017861,转发微博,2012/9/9 11:14:19
1992781892,转发微博,2012/9/9 11:14:12
2463450514,海尔要走向世界啦！！！赶紧呱唧呱唧,2012/9/9 11:14:10
1992781892,转发微博,2012/9/9 11:14:07
1902836065, //@左岸danven:前些天在德国看了IFA展会，看见海尔出现在展厅时倍感亲切和自豪！当时还想去和设计师们握手，特别想对日韩欧美的朋友说：如同海尔一样，钓鱼岛是中国的！孔子也是中国的！而且MADE IN CHINA将不再代表山寨货！,2012/9/9 11:13:59
1992781892,转发微博,2012/9/9 11:13:44
2844610187,转发微博,2012/9/9 11:13:44
2817448147,海尔已经深入人心,2012/9/9 11:13:41
2928707195,转发微博,2012/9/9 11:13:29
2931950660,转发微博,2012/9/9 11:13:16
2692188253,转发微博,2012/9/9 11:13:15
2817448147,转发微博,2012/9/9 11:13:09
1259070647,转发微博,2012/9/9 11:13:08
2844648971,转发微博,2012/9/9 11:12:58
1345640110,转发微博,2012/9/9 11:12:32
2484476135,海尔做电视机起家的。这些家电还是没话说的。[奥特曼] //@全球大百科:真心不明白为什么有些人只挑所谓的国外名牌，现在国外都用 @海尔,2012/9/9 11:12:31
1259070647,转发微博,2012/9/9 11:12:28
2964702874,转发微博,2012/9/9 11:12:19
2741425531,转发微博,2012/9/9 11:12:16
2518206932,回复@blue小白兔的小窝:海尔为什么那么受老百姓欢迎？？？国内企业很难做到海尔这样 //@blue小白兔的小窝:回复@感恩哒心:别的企业都应该像海尔学习 //@全球大百科:真心不明白为什么有些人只挑所谓的国外名牌，现在国外都用 @海尔,2012/9/9 11:12:13
2931948434,转发微博,2012/9/9 11:12:12
2964732312,转发微博,2012/9/9 11:12:12
2964803284,转发微博,2012/9/9 11:12:00
2844801815,转发微博,2012/9/9 11:11:59
2153477880,转发微博,2012/9/9 11:11:57
2932001684,转发微博,2012/9/9 11:11:44
2741453357,转发微博,2012/9/9 11:11:42
2485463603,MADE IN CHINA 我支持国货!! //@全球热门搜罗:大胡子设计师是海尔兄弟动画片里爷爷的真实版么！PS：水晶洗衣机真帅爆了！,2012/9/9 11:11:38
2037636487,转发微博,2012/9/9 11:11:30
1966972933,转发微博,2012/9/9 11:11:24
1281736734,转发微博,2012/9/9 11:11:21
1362517787,转发微博,2012/9/9 11:11:11
1281736734,转发微博,2012/9/9 11:11:05
2932001070,转发微博,2012/9/9 11:11:05
1638696600,转发微博,2012/9/9 11:10:57
2931976072,转发微博,2012/9/9 11:10:58
2931970912,转发微博,2012/9/9 11:10:50
1647660471,很炫！支持海尔！支持MADE IN CHINA! //@全球热门收集:水晶洗衣机真的很炫诶！用 @海尔 的高科技做家务，劳动俨然变享受！,2012/9/9 11:10:46
1745882253,转发微博,2012/9/9 11:10:41
2516402962,回复@桐桐姐姐wb:给力的海尔！支持！[抱抱] //@桐桐姐姐wb:回复@神秘绿豆:去家电市场一看不就知道了，网上也有很多商家报价，大差不差吧 //@全球热门搜罗:大胡子设计师是海尔兄弟动画片里爷爷的真实版么！PS：水晶洗衣机真帅爆了！,2012/9/9 11:10:36
1638696600,转发微博,2012/9/9 11:10:26
2927906827,转发微博,2012/9/9 11:10:19
1966972933,转发微博,2012/9/9 11:10:16
1858432534,海尔给我们争气啊,2012/9/9 11:10:11
2071623203,转发微博,2012/9/9 11:10:11
2741269273,转发微博,2012/9/9 11:10:10
2219496221,转发微博,2012/9/9 11:10:07
2928671225,转发微博,2012/9/9 11:09:52
1661835187,转发微博,2012/9/9 11:09:48
2219496221,转发微博,2012/9/9 11:09:44
2741438817,转发微博,2012/9/9 11:09:46
2071623203,转发微博,2012/9/9 11:09:43
2741269533,转发微博,2012/9/9 11:09:44
1773431697,太帅了，大爱啊,2012/9/9 11:09:38
2071623203,转发微博,2012/9/9 11:09:39
1908252871,转发微博,2012/9/9 11:09:37
2931976364,转发微博,2012/9/9 11:09:36
1942780820,转发微博,2012/9/9 11:09:26
2844614523,转发微博,2012/9/9 11:09:26
1793042840,转发微博,2012/9/9 11:09:24
1786854143,碉堡啊 [钱],2012/9/9 11:09:23
2927972673,转发微博,2012/9/9 15:58:42
2928673721,转发微博,2012/9/9 15:58:32
2964730904,转发微博,2012/9/9 15:58:20
2741178581,转发微博,2012/9/9 15:58:07
2928733875,转发微博,2012/9/9 15:58:01
2741273277,转发微博,2012/9/9 15:58:00
2931947664,转发微博,2012/9/9 15:57:45
2927905673,转发微博,2012/9/9 15:57:39
2931993272,转发微博,2012/9/9 15:57:15
2927902547,转发微博,2012/9/9 15:57:07
2844876603,感觉海尔的产品，是越来越给力了．[给力],2012/9/9 15:56:53
2844861613,转发微博,2012/9/9 15:56:45
2964737442,转发微博,2012/9/9 15:56:43
2927903413,转发微博,2012/9/9 15:56:35
2844900971,转发微博,2012/9/9 15:56:31
2844904115,转发微博,2012/9/9 15:56:18
2741562547,转发微博,2012/9/9 15:56:10
2741264527,转发微博,2012/9/9 15:56:09
2964692754,转发微博,2012/9/9 15:55:46
2741264853,转发微博,2012/9/9 15:55:09
2931978082,转发微博,2012/9/9 15:54:05
2741273807,转发微博,2012/9/9 15:52:44
2931977910,转发微博,2012/9/9 15:52:29
2844653455,转发微博,2012/9/9 15:52:21
2844657785,转发微博,2012/9/9 15:51:58
2741262027,转发微博,2012/9/9 15:51:47
2741261963,这款的性价比如何呢,2012/9/9 15:51:19
2789748524,//@皇家R球迷: 回复@暗夜游侠e:真的很给力哈~~[给力] //@暗夜游侠e:高科技又一次融入了生活，现在科技无处不在了。。 //@全球时尚创意:水晶洗衣机真的很炫诶！用 @海尔 的高科技做家务，劳动俨然变享受！,2012/9/9 15:42:27
2789818172,//@暗夜游侠e: 高科技又一次融入了生活，现在科技无处不在了。。 //@全球时尚创意:水晶洗衣机真的很炫诶！用 @海尔 的高科技做家务，劳动俨然变享受！,2012/9/9 15:34:35
1677726961,不亏是海尔顶尖设计师，产品都很养眼又有科技感，顿时有未来生活的赶脚了！ //@左岸danven:前些天在德国看了IFA展会，看见海尔出现在展厅时倍感亲切和自豪！当时还想去和设计师们握手，特别想对日韩欧美的朋友说：如同海尔一样，钓鱼岛是中国的！孔子也是中国的！而且MADE IN CHINA将不再代表山寨货！,2012/9/9 15:13:37
1868498112,回复@海尔家电服务:哦，晚了，当时联系了厂家，回复是不生产这个型号了 ，没有该型号的封条了，海尔双王子的，气愤不过，淘汰了该冰箱，2009年的事情。,2012/9/9 15:02:43
2920011804,//@冰兰飞恋: 一直看好 @海尔 [围观] [围观] [围观] [围观] //@微博热门转发榜:一直看好 @海尔 ，原来外国友人的品味也跟上了！抽屉式三门冰箱，好心动！ !,2012/9/9 14:57:49
2789671732,//@陈佳琳幸福: 回复@棒夹:水晶洗衣机？挺有趣的！ //@棒夹:这个头一次看到啊，很炫哈。 //@全球时尚创意:水晶洗衣机真的很炫诶！用 @海尔 的高科技做家务，劳动俨然变享受！,2012/9/9 14:54:27
2470440101,回复@幸运布飞机:听说海尔生活电器旗舰店有在做活动 //@幸运布飞机:有三年保修期~~~~ //@健康养生-郭宁:一直看好 @海尔 ，原来外国友人的品味也跟上了！抽屉式三门冰箱，好心动！,2012/9/9 14:53:56
1774950982,支持民族牌，支持海尔！,2012/9/9 14:52:05
2789763790,//@刘秋风88: 真的是很不错的呀！！//@夜幕同学：海尔的品质信得过。 //@全球时尚创意:水晶洗衣机真的很炫诶！用 @海尔 的高科技做家务，劳动俨然变享受！,2012/9/9 14:51:50
2984872282,转发微博,2012/9/9 14:40:25
2789801122,//@热情欢喜冤家: [笑哈哈]科技当然要以人为本了！[酷]暗夜游侠e：高科技又一次融入了生活，现在科技无处不在了。。 //@全球时尚创意:水晶洗衣机真的很炫诶！用 @海尔 的高科技做家务，劳动俨然变享受！,2012/9/9 14:34:58
2789768570,//@苏保泰: 海尔，中国的世界的！//@全球时尚创意: 水晶洗衣机真的很炫诶！用 @海尔 的高科技做家务，劳动俨然变享受！ //@左岸danven: 前些天在德国看了IFA展会，看见海尔出现在展厅时倍感亲切和自豪！当时还想去和设计师们握手，特别想对日韩欧美的朋友说：。。。。。。,2012/9/9 14:34:08
2789799560,//@水暖工nuan: 回复@小番鼠shu:希望以后这个能代表一种让人称赞的标语。 //@小番鼠shu:MADE IN CHINA！MADE IN CHINA！！ //@全球时尚创意:水晶洗衣机真的很炫诶！用 @海尔 的高科技做家务，劳动俨然变享受！,2012/9/9 14:30:02
2789799260,//@田畅昆: 回复@曹丰斌:真的不容易，做一件事容易，改变人家的观念太难了！[顶] //@曹丰斌:中国的品质终于不代表山寨了，这不得不说是一个巨大的进步呢。 //@全球时尚创意:水晶洗衣机真的很炫诶！用 @海尔 的高科技做家务，劳动俨然变享受！,2012/9/9 14:28:55
1925400910,是我们公认最喜欢的教授。 //@宝月琉璃:一向尽可能支持民族产业[鼓掌] 海尔让我想起由衷敬佩的Caroline Wang，海尔的可持续成长也有她的一份付出吧@ZhangJingPenny @云水轩主Alec @ClariaGuo @Maggie一路西行,2012/9/9 14:14:42
1797355892,以后再提起我的家乡 我就会告诉他青岛不只有啤酒 还有海尔[哈哈],2012/9/9 14:09:10
2598669947,//@生活创意DIY精选:一想到世界各地的不同家庭里都放着中国 @海尔 的产品，心里就一阵暗爽。 //@左岸danven: 前些天在德国看了IFA展会，看见海尔出现在展厅时倍感亲切和自豪！当时还想去和设计师们握手，特别想对日韩欧美的朋友说：如同海尔一样，钓鱼岛是中国的！孔子也是中国的！而且MADE IN CHINA将,2012/9/9 13:44:55
2129389852,别开玩笑 了！//@左岸danven:前些天在德国看了IFA展会，看见海尔出现在展厅时倍感亲切和自豪！当时还想去和设计师们握手，特别想对日韩欧美的朋友说：如同海尔一样，钓鱼岛是中国的！孔子也是中国的！而且MADE IN CHINA将不再代表山寨货！,2012/9/9 13:21:43
1752086047,但是出口的海尔在国内卖的很贵//@左岸danven: 前些天在德国看了IFA展会，看见海尔出现在展厅时倍感亲切和自豪！当时还想去和设计师们握手，特别想对日韩欧美的朋友说：如同海尔一样，钓鱼岛是中国的！孔子也是中国的！而且MADE IN CHINA将不再代表山寨货！,2012/9/9 13:17:26
2096942290,创新制造，让我们替海尔感到自豪！//@生活小智慧 @左岸danven:前些天在德国看了IFA展会，看见海尔出现在展厅时倍感亲切和自豪！当时还想去和设计师们握手，特别想对日韩欧美的朋友说：如同海尔一样，钓鱼岛是中国的！孔子也是中国的！而且MADE IN CHINA将不再代表山寨货！,2012/9/9 13:16:38
2844845025,转发微博,2012/9/9 13:14:22
2844875271,转发微博,2012/9/9 13:14:15
2741524067,转发微博,2012/9/9 13:14:07
2964790510,转发微博,2012/9/9 13:13:59
2741435675,转发微博,2012/9/9 13:13:53
2964726052,转发微博,2012/9/9 13:13:49
2964826390,转发微博,2012/9/9 13:13:44
2964723564,转发微博,2012/9/9 13:13:39
2928687115,转发微博,2012/9/9 13:13:37
2741260845,转发微博,2012/9/9 13:13:33
2931985520,转发微博,2012/9/9 13:13:32
2741437311,转发微博,2012/9/9 13:13:31
2844698543,转发微博,2012/9/9 13:13:28
2932011902,转发微博,2012/9/9 13:13:22
2844849451,转发微博,2012/9/9 13:13:10
2964735280,转发微博,2012/9/9 13:12:57
2927919457,转发微博,2012/9/9 13:12:46
2741515773,转发微博,2012/9/9 13:12:41
2931982910,转发微博,2012/9/9 13:12:39
2964764782,转发微博,2012/9/9 13:12:34
2741349173,转发微博,2012/9/9 13:12:32
2928684315,转发微博,2012/9/9 13:12:12
2741365347,转发微博,2012/9/9 13:12:05
2741337457,转发微博,2012/9/9 13:12:04
2964790854,转发微博,2012/9/9 13:12:04
2928720841,转发微博,2012/9/9 13:11:36
2964722322,转发微博,2012/9/9 13:11:06
2928721265,转发微博,2012/9/9 13:10:41
2964759862,转发微博,2012/9/9 13:10:04
2928728235,转发微博,2012/9/9 13:09:48
2928726125,转发微博,2012/9/9 13:09:48
2932016214,转发微博,2012/9/9 13:09:47
2741338443,转发微博,2012/9/9 13:09:46
2931983812,转发微博,2012/9/9 13:09:43
2932015994,转发微博,2012/9/9 13:09:43
2844686327,转发微博,2012/9/9 13:09:36
2741259915,转发微博,2012/9/9 13:09:28
2931957730,//@时尚生活小百科: 不亏是海尔顶尖设计师，产品都很养眼又有科技感，顿时有未来生活的赶脚了！,2012/9/9 13:09:28
2741275841,转发微博,2012/9/9 13:09:26
2931984690,转发微博,2012/9/9 13:09:19
2741334837,转发微博,2012/9/9 13:09:14
2844675997,转发微博,2012/9/9 13:09:14
2844758391,//@时尚生活小百科: 不亏是海尔顶尖设计师，产品都很养眼又有科技感，顿时有未来生活的赶脚了！,2012/9/9 13:09:11
2844699213,转发微博,2012/9/9 13:09:05
2741321275,转发微博,2012/9/9 13:09:04
2931956224,//@时尚生活小百科: 不亏是海尔顶尖设计师，产品都很养眼又有科技感，顿时有未来生活的赶脚了！,2012/9/9 13:09:00
2844728481,转发微博,2012/9/9 13:08:59
2844719537,转发微博,2012/9/9 13:08:59
2741387923,//@时尚生活小百科: 不亏是海尔顶尖设计师，产品都很养眼又有科技感，顿时有未来生活的赶脚了！,2012/9/9 13:08:51
2844723997,//@时尚生活小百科: 不亏是海尔顶尖设计师，产品都很养眼又有科技感，顿时有未来生活的赶脚了！,2012/9/9 13:08:47
2928688751,转发微博,2012/9/9 13:08:41
2741312605,转发微博,2012/9/9 13:08:37
2964770360,转发微博,2012/9/9 13:08:31
2931958744,转发微博,2012/9/9 13:08:27
2931966720,//@时尚生活小百科: 不亏是海尔顶尖设计师，产品都很养眼又有科技感，顿时有未来生活的赶脚了！,2012/9/9 13:08:24
2931986432,转发微博,2012/9/9 13:08:23
2741325491,转发微博,2012/9/9 13:08:23
2931956480,//@时尚生活小百科: 不亏是海尔顶尖设计师，产品都很养眼又有科技感，顿时有未来生活的赶脚了！,2012/9/9 13:08:22
2844725265,转发微博,2012/9/9 13:08:21
2932014792,转发微博,2012/9/9 13:08:17
2964825574,转发微博,2012/9/9 13:08:16
2928691801,//@时尚生活小百科: 不亏是海尔顶尖设计师，产品都很养眼又有科技感，顿时有未来生活的赶脚了！,2012/9/9 13:08:09
2931959534,转发微博,2012/9/9 13:08:08
2964769444,转发微博,2012/9/9 13:08:07
2741369703,转发微博,2012/9/9 13:08:07
2844767941,转发微博,2012/9/9 13:08:06
2741263205,转发微博,2012/9/9 13:08:04
2964794582,转发微博,2012/9/9 13:07:59
2844697937,转发微博,2012/9/9 13:07:54
2931984410,转发微博,2012/9/9 13:07:47
2964724602,转发微博,2012/9/9 13:07:42
2741438035,转发微博,2012/9/9 13:07:36
2964731760,//@时尚生活小百科: 不亏是海尔顶尖设计师，产品都很养眼又有科技感，顿时有未来生活的赶脚了！,2012/9/9 13:07:36
2927957127,转发微博,2012/9/9 13:07:30
2931959054,转发微博,2012/9/9 13:07:25
1893648297,似乎大胡子前两年被踢出海尔，其实那些设计师也就是做样子，自己都有别的品牌，我觉得海尔的设计也脱离不了移花接木 //@全球热门排行榜精选: 大胡子设计师是海尔兄弟动画片里爷爷的真实版么！PS：水晶洗衣机真帅爆了！ //@左岸danven: 前些天在德国看了IFA展会，看见海尔出现在展厅时倍感亲切和自豪！,2012/9/9 13:07:27
2931955852,转发微博,2012/9/9 13:07:10
2964764124,转发微博,2012/9/9 13:07:10
2844710311,转发微博,2012/9/9 13:06:55
2964736154,//@时尚生活小百科: 不亏是海尔顶尖设计师，产品都很养眼又有科技感，顿时有未来生活的赶脚了！,2012/9/9 13:06:53
2927923763,转发微博,2012/9/9 13:06:48
2844706301,转发微博,2012/9/9 13:06:48
2741352127,转发微博,2012/9/9 13:06:43
2741348253,转发微博,2012/9/9 13:06:38
2928686215,//@时尚生活小百科: 不亏是海尔顶尖设计师，产品都很养眼又有科技感，顿时有未来生活的赶脚了！,2012/9/9 13:06:39
2844671763,转发微博,2012/9/9 13:06:35
2741263475,转发微博,2012/9/9 13:06:27
2931958172,//@时尚生活小百科: 不亏是海尔顶尖设计师，产品都很养眼又有科技感，顿时有未来生活的赶脚了！,2012/9/9 13:06:21
2964778930,转发微博,2012/9/9 13:06:17
2928689575,转发微博,2012/9/9 13:05:58
2964769252,//@时尚生活小百科: 不亏是海尔顶尖设计师，产品都很养眼又有科技感，顿时有未来生活的赶脚了！,2012/9/9 13:05:56
2964824362,转发微博,2012/9/9 13:05:50
2927921223,转发微博,2012/9/9 13:05:46
2927923437,//@时尚生活小百科: 不亏是海尔顶尖设计师，产品都很养眼又有科技感，顿时有未来生活的赶脚了！,2012/9/9 13:05:38
2844729751,//@时尚生活小百科: 不亏是海尔顶尖设计师，产品都很养眼又有科技感，顿时有未来生活的赶脚了！,2012/9/9 13:05:29
2741303845,//@时尚生活小百科: 不亏是海尔顶尖设计师，产品都很养眼又有科技感，顿时有未来生活的赶脚了！,2012/9/9 13:05:26
2928689831,转发微博,2012/9/9 13:05:23
2741324115,转发微博,2012/9/9 13:05:08
2844762941,//@时尚生活小百科: 不亏是海尔顶尖设计师，产品都很养眼又有科技感，顿时有未来生活的赶脚了！,2012/9/9 13:05:00
2741345893,转发微博,2012/9/9 13:04:54
2927920883,转发微博,2012/9/9 13:04:46
2964828514,转发微博,2012/9/9 13:04:42
2844860635,转发微博,2012/9/9 13:04:38
2741362857,转发微博,2012/9/9 13:04:38
2964779610,转发微博,2012/9/9 13:04:17
2844732545,转发微博,2012/9/9 13:04:14
2928688935,//@时尚生活小百科: 不亏是海尔顶尖设计师，产品都很养眼又有科技感，顿时有未来生活的赶脚了！,2012/9/9 13:04:14
2931963720,转发微博,2012/9/9 13:04:07
2964722662,转发微博,2012/9/9 13:03:56
2931984542,转发微博,2012/9/9 13:03:49
2932011634,转发微博,2012/9/9 13:03:33
2844769925,转发微博,2012/9/9 13:03:27
2844812517,转发微博,2012/9/9 13:03:10
2931958240,//@时尚生活小百科: 不亏是海尔顶尖设计师，产品都很养眼又有科技感，顿时有未来生活的赶脚了！,2012/9/9 13:03:09
2931961652,//@时尚生活小百科: 不亏是海尔顶尖设计师，产品都很养眼又有科技感，顿时有未来生活的赶脚了！,2012/9/9 13:03:08
2844699573,转发微博,2012/9/9 13:02:57
2928691415,转发微博,2012/9/9 13:02:51
2844809033,转发微博,2012/9/9 13:02:51
2931956730,转发微博,2012/9/9 13:02:43
2741279925,转发微博,2012/9/9 13:02:43
2844735673,//@时尚生活小百科: 不亏是海尔顶尖设计师，产品都很养眼又有科技感，顿时有未来生活的赶脚了！,2012/9/9 13:02:30
2844718745,转发微博,2012/9/9 13:02:26
2964768130,转发微博,2012/9/9 13:02:26
2931987612,转发微博,2012/9/9 13:02:23
2844688633,转发微博,2012/9/9 13:01:59
2931982754,转发微博,2012/9/9 13:01:53
2927961863,转发微博,2012/9/9 13:01:46
2741296501,转发微博,2012/9/9 13:01:27
2927927043,转发微博,2012/9/9 13:01:16
2964795940,转发微博,2012/9/9 13:01:15
2928723085,转发微博,2012/9/9 13:01:14
2741429081,转发微博,2012/9/9 13:01:07
2844771341,//@时尚生活小百科: 不亏是海尔顶尖设计师，产品都很养眼又有科技感，顿时有未来生活的赶脚了！,2012/9/9 13:01:03
2844876421,转发微博,2012/9/9 13:00:58
2928726391,转发微博,2012/9/9 13:00:46
1162787940,不亏是海尔顶尖设计师，产品都很养眼又有科技感，顿时有未来生活的赶脚了！danven:前些天在德国看了IFA展会，看见海尔出现在展厅时倍感亲切和自豪！当时还想去和设计师们握手，特别想对日韩欧美的朋友说：如同海尔一样，钓鱼岛是中国的！孔子也是中国的！而且MADE IN CHINA将不再代表山寨货！,2012/9/9 13:00:40
2931957062,转发微博,2012/9/9 13:00:40
2964832210,转发微博,2012/9/9 13:00:33
2741376403,转发微博,2012/9/9 13:00:32
2964724232,转发微博,2012/9/9 13:00:27
2931987692,//@时尚生活小百科: 不亏是海尔顶尖设计师，产品都很养眼又有科技感，顿时有未来生活的赶脚了！,2012/9/9 13:00:25
2964739064,转发微博,2012/9/9 13:00:26
2741313395,//@时尚生活小百科: 不亏是海尔顶尖设计师，产品都很养眼又有科技感，顿时有未来生活的赶脚了！,2012/9/9 13:00:19
2844762401,转发微博,2012/9/9 13:00:13
2931962434,//@时尚生活小百科: 不亏是海尔顶尖设计师，产品都很养眼又有科技感，顿时有未来生活的赶脚了！,2012/9/9 13:00:03
2932012010,转发微博,2012/9/9 13:00:00
2844750545,//@时尚生活小百科: 不亏是海尔顶尖设计师，产品都很养眼又有科技感，顿时有未来生活的赶脚了！,2012/9/9 12:59:56
2928685221,转发微博,2012/9/9 12:59:52
2844675207,//@时尚生活小百科: 不亏是海尔顶尖设计师，产品都很养眼又有科技感，顿时有未来生活的赶脚了！,2012/9/9 12:59:44
2931986574,转发微博,2012/9/9 12:59:36
2844829813,转发微博,2012/9/9 12:59:35
2844668537,//@时尚生活小百科: 不亏是海尔顶尖设计师，产品都很养眼又有科技感，顿时有未来生活的赶脚了！,2012/9/9 12:59:22
2964746512,转发微博,2012/9/9 12:59:21
1767559597,一想到世界各地的不同家庭里都放着中国 @海尔 的产品，心里就一阵暗爽。 //@左岸danven: 前些天在德国看了IFA展会，看见海尔出现在展厅时倍感亲切和自豪！当时还想去和设计师们握手，特别想对日韩欧美的朋友说：如同海尔一样，钓鱼岛是中国的！孔子也是中国的！而且MADE IN CHINA将不再代表山寨货！,2012/9/9 12:59:07
2844846595,转发微博,2012/9/9 12:59:02
2844870671,转发微博,2012/9/9 12:58:57
2964774940,转发微博,2012/9/9 12:58:54
2964758500,//@时尚生活小百科: 不亏是海尔顶尖设计师，产品都很养眼又有科技感，顿时有未来生活的赶脚了！,2012/9/9 12:58:55
2844766571,转发微博,2012/9/9 12:58:46
2741276825,转发微博,2012/9/9 12:58:45
2741254781,转发微博,2012/9/9 12:58:44
2927924587,转发微博,2012/9/9 12:58:35
2931982634,转发微博,2012/9/9 12:58:25
2741284331,//@时尚生活小百科: 不亏是海尔顶尖设计师，产品都很养眼又有科技感，顿时有未来生活的赶脚了！,2012/9/9 12:58:20
2741522823,转发微博,2012/9/9 12:58:20
2741411725,转发微博,2012/9/9 12:58:14
2741396683,转发微博,2012/9/9 12:58:00
2927923113,转发微博,2012/9/9 12:57:50
2741294271,转发微博,2012/9/9 12:57:50
2928697821,转发微博,2012/9/9 12:57:37
2931986554,转发微博,2012/9/9 12:57:36
2931956392,转发微博,2012/9/9 12:57:35
2928693525,转发微博,2012/9/9 12:57:33
2928695725,//@时尚生活小百科: 不亏是海尔顶尖设计师，产品都很养眼又有科技感，顿时有未来生活的赶脚了！,2012/9/9 12:57:30
2741280401,转发微博,2012/9/9 12:57:21
2931984134,转发微博,2012/9/9 12:57:20
2844705757,转发微博,2012/9/9 12:57:16
2964766252,转发微博,2012/9/9 12:57:16
2964725254,转发微博,2012/9/9 12:57:15
2932013462,转发微博,2012/9/9 12:57:13
2964784352,//@时尚生活小百科: 不亏是海尔顶尖设计师，产品都很养眼又有科技感，顿时有未来生活的赶脚了！,2012/9/9 12:57:08
2844721251,//@时尚生活小百科: 不亏是海尔顶尖设计师，产品都很养眼又有科技感，顿时有未来生活的赶脚了！,2012/9/9 12:57:04
2928690065,转发微博,2012/9/9 12:56:56
2932014402,转发微博,2012/9/9 12:56:44
2964788182,转发微博,2012/9/9 12:56:43
2932013830,转发微博,2012/9/9 12:56:43
2931986824,转发微博,2012/9/9 12:56:14
2928723451,转发微博,2012/9/9 12:56:12
2964825144,转发微博,2012/9/9 12:56:10
2741360497,转发微博,2012/9/9 12:56:03
2844725703,转发微博,2012/9/9 12:56:02
2964794742,转发微博,2012/9/9 12:55:57
2844728417,//@时尚生活小百科: 不亏是海尔顶尖设计师，产品都很养眼又有科技感，顿时有未来生活的赶脚了！,2012/9/9 12:55:32
2964786970,转发微博,2012/9/9 12:55:25
2964769584,转发微博,2012/9/9 12:55:24
2931965652,转发微博,2012/9/9 12:55:23
2741393067,转发微博,2012/9/9 12:55:13
2844706731,转发微博,2012/9/9 12:55:09
2964786604,转发微博,2012/9/9 12:54:53
2931983844,转发微博,2012/9/9 12:54:49
2964832150,转发微博,2012/9/9 12:54:50
2741336743,转发微博,2012/9/9 12:54:42
2741367213,转发微博,2012/9/9 12:54:19
2931982854,转发微博,2012/9/9 12:54:18
2927924487,转发微博,2012/9/9 12:54:10
2844716087,转发微博,2012/9/9 12:54:10
2927956807,转发微博,2012/9/9 12:54:09
2844691517,转发微博,2012/9/9 12:54:07
2844708355,转发微博,2012/9/9 12:53:54
2844705643,转发微博,2012/9/9 12:53:38
2927929867,//@时尚生活小百科: 不亏是海尔顶尖设计师，产品都很养眼又有科技感，顿时有未来生活的赶脚了！,2012/9/9 12:53:37
2741397267,转发微博,2012/9/9 12:53:29
2964793974,转发微博,2012/9/9 12:53:18
2844705145,转发微博,2012/9/9 12:53:13
2932011710,转发微博,2012/9/9 12:53:12
2928705465,转发微博,2012/9/9 12:53:06
2964805134,转发微博,2012/9/9 12:53:06
2964759150,//@时尚生活小百科: 不亏是海尔顶尖设计师，产品都很养眼又有科技感，顿时有未来生活的赶脚了！,2012/9/9 12:53:04
2964829624,转发微博,2012/9/9 12:53:01
2931990972,转发微博,2012/9/9 12:53:00
2741352527,转发微博,2012/9/9 12:52:59
2931969380,转发微博,2012/9/9 12:52:57
2741353901,转发微博,2012/9/9 12:52:55
2932003752,转发微博,2012/9/9 12:52:53
2844762755,//@时尚生活小百科: 不亏是海尔顶尖设计师，产品都很养眼又有科技感，顿时有未来生活的赶脚了！,2012/9/9 12:52:54
2928724775,转发微博,2012/9/9 12:52:53
2931996580,转发微博,2012/9/9 12:52:49
2964799414,转发微博,2012/9/9 12:52:44
2741255725,转发微博,2012/9/9 12:52:45
2844755665,转发微博,2012/9/9 12:52:41
2741514593,转发微博,2012/9/9 12:52:39
2741410781,转发微博,2012/9/9 12:52:40
2741265305,转发微博,2012/9/9 12:52:35
2964829604,转发微博,2012/9/9 12:52:34
2741268945,//@时尚生活小百科: 不亏是海尔顶尖设计师，产品都很养眼又有科技感，顿时有未来生活的赶脚了！,2012/9/9 12:52:28
2931961564,转发微博,2012/9/9 12:52:26
2927955803,转发微博,2012/9/9 12:52:26
2844720281,//@时尚生活小百科: 不亏是海尔顶尖设计师，产品都很养眼又有科技感，顿时有未来生活的赶脚了！,2012/9/9 12:52:20
2844728715,转发微博,2012/9/9 12:52:18
2741430273,转发微博,2012/9/9 12:52:14
2931996854,转发微博,2012/9/9 12:52:14
2844749147,转发微博,2012/9/9 12:52:12
2931984584,转发微博,2012/9/9 12:52:12
2964759294,转发微博,2012/9/9 12:52:02
2928684035,转发微博,2012/9/9 12:51:58
2932015790,转发微博,2012/9/9 12:51:56
2741439673,转发微博,2012/9/9 12:51:46
2927972773,转发微博,2012/9/9 12:51:45
2964865390,转发微博,2012/9/9 12:51:40
2741418611,转发微博,2012/9/9 12:51:39
2844813117,转发微博,2012/9/9 12:51:39
2927929327,转发微博,2012/9/9 12:51:36
2928719391,转发微博,2012/9/9 12:51:36
2741357335,转发微博,2012/9/9 12:51:35
2931960382,转发微博,2012/9/9 12:51:36
2844698063,转发微博,2012/9/9 12:51:30
2741411595,转发微博,2012/9/9 12:51:28
2964762194,转发微博,2012/9/9 12:51:26
2927917127,转发微博,2012/9/9 12:51:23
2844735611,//@时尚生活小百科: 不亏是海尔顶尖设计师，产品都很养眼又有科技感，顿时有未来生活的赶脚了！,2012/9/9 12:51:23
2931991082,转发微博,2012/9/9 12:51:20
2844740877,转发微博,2012/9/9 12:51:19
2964765282,//@时尚生活小百科: 不亏是海尔顶尖设计师，产品都很养眼又有科技感，顿时有未来生活的赶脚了！,2012/9/9 12:51:15
2928692101,//@时尚生活小百科: 不亏是海尔顶尖设计师，产品都很养眼又有科技感，顿时有未来生活的赶脚了！,2012/9/9 12:51:14
2844676603,转发微博,2012/9/9 12:51:10
2741493635,转发微博,2012/9/9 12:51:10
2844879543,转发微博,2012/9/9 12:51:06
2741288595,转发微博,2012/9/9 12:51:03
2844727995,转发微博,2012/9/9 12:50:55
2741560837,转发微博,2012/9/9 12:50:49
2741416715,转发微博,2012/9/9 12:50:48
2964741870,//@时尚生活小百科: 不亏是海尔顶尖设计师，产品都很养眼又有科技感，顿时有未来生活的赶脚了！,2012/9/9 12:50:48
2964760644,转发微博,2012/9/9 12:50:46
2964778544,转发微博,2012/9/9 12:50:39
2741489101,转发微博,2012/9/9 12:50:38
2964767932,转发微博,2012/9/9 12:50:16
2964726384,//@时尚生活小百科: 不亏是海尔顶尖设计师，产品都很养眼又有科技感，顿时有未来生活的赶脚了！,2012/9/9 12:50:14
2844833853,转发微博,2012/9/9 12:50:05
2932026044,转发微博,2012/9/9 12:50:03
2741258411,转发微博,2012/9/9 12:50:02
2964778922,转发微博,2012/9/9 12:37:15
2931972480,转发微博,2012/9/9 12:37:10
2964858420,转发微博,2012/9/9 12:37:06
2931967360,转发微博,2012/9/9 12:37:05
2928707975,转发微博,2012/9/9 12:37:05
2741441195,转发微博,2012/9/9 12:37:04
2964734102,转发微博,2012/9/9 12:37:03
2844713731,//@时尚生活小百科: 不亏是海尔顶尖设计师，产品都很养眼又有科技感，顿时有未来生活的赶脚了！,2012/9/9 12:36:52
2964738130,//@时尚生活小百科: 不亏是海尔顶尖设计师，产品都很养眼又有科技感，顿时有未来生活的赶脚了！,2012/9/9 12:36:48
2927877257,转发微博,2012/9/9 12:36:44
2927924413,转发微博,2012/9/9 12:36:42
2927983063,转发微博,2012/9/9 12:36:41
2931960962,转发微博,2012/9/9 12:36:37
2741055481,转发微博,2012/9/9 12:36:34
2931961014,//@时尚生活小百科: 不亏是海尔顶尖设计师，产品都很养眼又有科技感，顿时有未来生活的赶脚了！,2012/9/9 12:36:29
2844951815,转发微博,2012/9/9 12:36:29
2741604693,转发微博,2012/9/9 12:36:28
2964802920,转发微博,2012/9/9 12:36:27
2741579333,转发微博,2012/9/9 12:36:26
2741063981,转发微博,2012/9/9 12:36:26
2931969080,转发微博,2012/9/9 12:36:23
2844836213,转发微博,2012/9/9 12:36:23
2964834472,转发微博,2012/9/9 12:36:20
2964869952,转发微博,2012/9/9 12:36:16
2927938717,转发微博,2012/9/9 12:36:13
2932016792,转发微博,2012/9/9 12:36:13
2741287945,转发微博,2012/9/9 12:36:12
2927973847,转发微博,2012/9/9 12:36:05
2844698237,转发微博,2012/9/9 12:36:04
2928747715,转发微博,2012/9/9 12:35:58
2844831517,转发微博,2012/9/9 12:35:57
2844685907,转发微博,2012/9/9 12:35:50
2844713673,//@时尚生活小百科: 不亏是海尔顶尖设计师，产品都很养眼又有科技感，顿时有未来生活的赶脚了！,2012/9/9 12:35:48
2931990602,//@时尚生活小百科: 不亏是海尔顶尖设计师，产品都很养眼又有科技感，顿时有未来生活的赶脚了！,2012/9/9 12:35:46
2931970540,转发微博,2012/9/9 12:35:46
2927938993,转发微博,2012/9/9 12:35:45
2927921787,转发微博,2012/9/9 12:35:44
2931961732,转发微博,2012/9/9 12:35:44
2931994364,//@时尚生活小百科: 不亏是海尔顶尖设计师，产品都很养眼又有科技感，顿时有未来生活的赶脚了！,2012/9/9 12:35:36
2844924545,转发微博,2012/9/9 12:35:27
2928696825,//@时尚生活小百科: 不亏是海尔顶尖设计师，产品都很养眼又有科技感，顿时有未来生活的赶脚了！,2012/9/9 12:35:27
2844799327,转发微博,2012/9/9 12:35:24
2932011374,转发微博,2012/9/9 12:35:22
2928693021,转发微博,2012/9/9 12:35:21
2927921943,转发微博,2012/9/9 12:35:20
2844850731,转发微博,2012/9/9 12:35:17
2964825480,转发微博,2012/9/9 12:35:17
2927918517,转发微博,2012/9/9 12:35:15
2844806601,转发微博,2012/9/9 12:35:09
2741584323,转发微博,2012/9/9 12:35:07
2964789934,转发微博,2012/9/9 12:35:06
2844843785,转发微博,2012/9/9 12:35:05
2844879723,转发微博,2012/9/9 12:35:05
2844867325,转发微博,2012/9/9 12:35:05
2932010714,转发微博,2012/9/9 12:34:59
2927956547,转发微博,2012/9/9 12:34:59
2928749495,转发微博,2012/9/9 12:34:59
2964859014,转发微博,2012/9/9 12:34:59
2931983940,转发微博,2012/9/9 12:34:59
2927953923,转发微博,2012/9/9 12:34:53
2741488481,转发微博,2012/9/9 12:34:52
2964836134,转发微博,2012/9/9 12:34:51
2844875031,转发微博,2012/9/9 12:34:48
2741358127,//@时尚生活小百科: 不亏是海尔顶尖设计师，产品都很养眼又有科技感，顿时有未来生活的赶脚了！,2012/9/9 12:34:46
2932023540,转发微博,2012/9/9 12:34:46
2844895151,转发微博,2012/9/9 12:34:45
2844691817,转发微博,2012/9/9 12:34:44
2931990864,转发微博,2012/9/9 12:34:43
2964731284,转发微博,2012/9/9 12:34:42
2844770425,转发微博,2012/9/9 12:34:39
2844939355,转发微博,2012/9/9 12:34:37
2844827937,转发微博,2012/9/9 12:34:23
2931985134,转发微博,2012/9/9 12:34:19
2927953967,转发微博,2012/9/9 12:34:19
2741413035,转发微博,2012/9/9 12:34:16
2844720461,转发微博,2012/9/9 12:34:16
2932027482,转发微博,2012/9/9 12:34:09
2741344157,转发微博,2012/9/9 12:34:07
2741525183,转发微博,2012/9/9 12:34:06
2931963050,转发微博,2012/9/9 12:34:06
2964829604,转发微博,2012/9/9 12:34:05
2931970200,转发微博,2012/9/9 12:33:56
2844716881,转发微博,2012/9/9 12:33:54
2964837212,转发微博,2012/9/9 12:33:53
2927960023,转发微博,2012/9/9 12:33:53
2741515643,转发微博,2012/9/9 12:33:50
2844705643,转发微博,2012/9/9 12:33:47
2927919737,转发微博,2012/9/9 12:33:46
2928691091,转发微博,2012/9/9 12:33:38
2964757474,转发微博,2012/9/9 12:33:38
2741274065,//@时尚生活小百科: 不亏是海尔顶尖设计师，产品都很养眼又有科技感，顿时有未来生活的赶脚了！,2012/9/9 12:33:37
2741056761,转发微博,2012/9/9 12:33:36
2844918571,转发微博,2012/9/9 12:33:34
2844930251,转发微博,2012/9/9 12:33:32
2927923497,转发微博,2012/9/9 12:33:32
2741266551,转发微博,2012/9/9 12:33:29
2741366333,转发微博,2012/9/9 12:33:28
2844710853,转发微博,2012/9/9 12:33:26
2927931687,转发微博,2012/9/9 12:33:24
2928720011,转发微博,2012/9/9 12:33:23
2964788952,转发微博,2012/9/9 12:33:23
2964764790,转发微博,2012/9/9 12:33:21
2927966453,转发微博,2012/9/9 12:33:19
2964789000,转发微博,2012/9/9 12:33:19
2964787634,转发微博,2012/9/9 12:33:17
2927924713,转发微博,2012/9/9 12:33:17
2844828123,转发微博,2012/9/9 12:33:15
2844852425,转发微博,2012/9/9 12:33:12
2741338245,转发微博,2012/9/9 12:33:10
2927931083,//@时尚生活小百科: 不亏是海尔顶尖设计师，产品都很养眼又有科技感，顿时有未来生活的赶脚了！,2012/9/9 12:33:07
2932025310,转发微博,2012/9/9 12:33:09
2741374107,转发微博,2012/9/9 12:33:06
2927957653,转发微博,2012/9/9 12:33:04
2927934627,转发微博,2012/9/9 12:32:58
2964756900,转发微博,2012/9/9 12:32:56
2928698685,转发微博,2012/9/9 12:32:55
2931957924,转发微博,2012/9/9 12:32:55
2741463751,转发微博,2012/9/9 12:32:46
2844841845,转发微博,2012/9/9 12:32:42
2844733147,转发微博,2012/9/9 12:32:42
2932013264,转发微博,2012/9/9 12:32:40
2741341145,转发微博,2012/9/9 12:32:38
2932020264,转发微博,2012/9/9 12:32:35
2964856400,转发微博,2012/9/9 12:32:35
2844868055,转发微博,2012/9/9 12:32:33
2844840881,转发微博,2012/9/9 12:32:33
2927924177,转发微博,2012/9/9 12:32:31
2741575173,转发微博,2012/9/9 12:32:26
2964823232,转发微博,2012/9/9 12:32:26
2964819914,转发微博,2012/9/9 12:32:26
2964748092,//@时尚生活小百科: 不亏是海尔顶尖设计师，产品都很养眼又有科技感，顿时有未来生活的赶脚了！,2012/9/9 12:32:24
2931986072,转发微博,2012/9/9 12:32:18
2931996094,转发微博,2012/9/9 12:32:16
2931957122,//@时尚生活小百科: 不亏是海尔顶尖设计师，产品都很养眼又有科技感，顿时有未来生活的赶脚了！,2012/9/9 12:32:15
2844798063,转发微博,2012/9/9 12:32:15
2844762401,转发微博,2012/9/9 12:32:13
2964797984,转发微博,2012/9/9 12:32:10
2927925413,转发微博,2012/9/9 12:32:06
2844916093,转发微博,2012/9/9 12:32:05
2964756624,转发微博,2012/9/9 12:32:05
2844715971,转发微博,2012/9/9 12:32:05
2927937627,转发微博,2012/9/9 12:32:05
2932010102,转发微博,2012/9/9 12:32:01
2928699711,转发微博,2012/9/9 12:31:54
2964855760,转发微博,2012/9/9 12:31:52
2964770010,转发微博,2012/9/9 12:31:52
2931988534,转发微博,2012/9/9 12:31:51
2932001020,转发微博,2012/9/9 12:31:51
2844533031,转发微博,2012/9/9 12:31:48
2844530305,转发微博,2012/9/9 12:31:48
2928737161,转发微博,2012/9/9 12:31:46
2741423573,转发微博,2012/9/9 12:31:46
2741463025,转发微博,2012/9/9 12:31:44
2928687781,转发微博,2012/9/9 12:31:43
2932014322,转发微博,2012/9/9 12:31:40
2931960490,转发微博,2012/9/9 12:31:40
2928740285,转发微博,2012/9/9 12:31:37
2844883237,转发微博,2012/9/9 12:31:32
2844838811,转发微博,2012/9/9 12:31:32
2932028504,转发微博,2012/9/9 12:31:26
2844778325,转发微博,2012/9/9 12:31:26
2964825434,转发微博,2012/9/9 12:31:21
2844945211,转发微博,2012/9/9 12:31:17
2844675763,//@时尚生活小百科: 不亏是海尔顶尖设计师，产品都很养眼又有科技感，顿时有未来生活的赶脚了！,2012/9/9 12:31:16
2931995472,转发微博,2012/9/9 12:31:15
2927924043,转发微博,2012/9/9 12:31:13
2927920767,转发微博,2012/9/9 12:31:11
2844703821,转发微博,2012/9/9 12:31:12
2964869180,转发微博,2012/9/9 12:31:11
2927921383,//@时尚生活小百科: 不亏是海尔顶尖设计师，产品都很养眼又有科技感，顿时有未来生活的赶脚了！,2012/9/9 12:31:10
2844917421,转发微博,2012/9/9 12:31:06
2931995070,//@时尚生活小百科: 不亏是海尔顶尖设计师，产品都很养眼又有科技感，顿时有未来生活的赶脚了！,2012/9/9 12:31:03
2931969500,转发微博,2012/9/9 12:31:02
2964855420,转发微博,2012/9/9 12:31:00
2741428617,转发微博,2012/9/9 12:30:56
2741403755,转发微博,2012/9/9 12:30:55
2931958592,转发微博,2012/9/9 12:30:53
2964789564,转发微博,2012/9/9 12:30:52
2964860650,转发微博,2012/9/9 12:30:50
2928685165,转发微博,2012/9/9 12:30:44
2927967333,转发微博,2012/9/9 12:30:42
2844771455,转发微博,2012/9/9 12:30:41
2931990820,转发微博,2012/9/9 12:30:38
2964801100,转发微博,2012/9/9 12:30:34
2927970853,转发微博,2012/9/9 12:30:34
2931970884,转发微博,2012/9/9 12:30:31
2928724345,转发微博,2012/9/9 12:30:31
2927973473,转发微博,2012/9/9 12:30:29
2927923393,转发微博,2012/9/9 12:30:28
2741300371,转发微博,2012/9/9 12:30:27
2931967304,转发微博,2012/9/9 12:30:25
2844833793,转发微博,2012/9/9 12:30:24
2964788564,转发微博,2012/9/9 12:30:24
2931966484,转发微博,2012/9/9 12:30:22
2844899811,转发微博,2012/9/9 12:30:20
2964761294,转发微博,2012/9/9 12:30:20
2741513011,转发微博,2012/9/9 12:30:17
2741365217,转发微博,2012/9/9 12:30:17
2964784862,转发微博,2012/9/9 12:30:14
2928746341,转发微博,2012/9/9 12:30:11
2844805697,转发微博,2012/9/9 12:30:12
2964640504,转发微博,2012/9/9 12:30:10
2964762390,//@时尚生活小百科: 不亏是海尔顶尖设计师，产品都很养眼又有科技感，顿时有未来生活的赶脚了！,2012/9/9 12:30:06
2927926907,转发微博,2012/9/9 12:30:06
2844681003,转发微博,2012/9/9 12:30:06
2844698543,转发微博,2012/9/9 12:30:03
2928735685,转发微博,2012/9/9 12:30:00
2931991764,//@时尚生活小百科: 不亏是海尔顶尖设计师，产品都很养眼又有科技感，顿时有未来生活的赶脚了！,2012/9/9 12:29:58
2964761324,//@时尚生活小百科: 不亏是海尔顶尖设计师，产品都很养眼又有科技感，顿时有未来生活的赶脚了！,2012/9/9 12:29:56
2928701461,转发微博,2012/9/9 12:29:53
2931998372,转发微博,2012/9/9 12:29:53
1775096231,[good] //@袁静文jingwen:为了未来、为了民族自尊[呵呵]//@左岸danven:前些天在德国看了IFA展会，看见海尔出现在展厅时倍感亲切和自豪！当时还想去和设计师们握手，特别想对日韩欧美的朋友说：如同海尔一样，钓鱼岛是中国的！孔子也是中国的！而且MADE IN CHINA将不再代表山寨货！,2012/9/9 12:29:51
2927972137,转发微博,2012/9/9 12:29:50
2931997562,转发微博,2012/9/9 12:29:48
2928688101,//@时尚生活小百科: 不亏是海尔顶尖设计师，产品都很养眼又有科技感，顿时有未来生活的赶脚了！,2012/9/9 12:29:47
2844709265,转发微博,2012/9/9 12:29:45
2964812670,转发微博,2012/9/9 12:29:44
2741270461,转发微博,2012/9/9 12:29:43
2741417895,转发微博,2012/9/9 12:29:41
2928694331,转发微博,2012/9/9 12:29:41
2927956733,转发微博,2012/9/9 12:29:38
2932024862,转发微博,2012/9/9 12:29:36
2844754237,转发微博,2012/9/9 12:29:30
2844722731,转发微博,2012/9/9 12:29:29
2844838093,转发微博,2012/9/9 12:29:29
2741380897,转发微博,2012/9/9 12:29:29
2964765310,转发微博,2012/9/9 12:29:27
2964733694,转发微博,2012/9/9 12:29:27
2931982962,转发微博,2012/9/9 12:29:27
2844886883,转发微博,2012/9/9 12:29:26
2927930927,转发微博,2012/9/9 12:29:24
2844771821,转发微博,2012/9/9 12:29:19
2964778252,转发微博,2012/9/9 12:29:18
2741389127,转发微博,2012/9/9 12:29:17
2928743471,转发微博,2012/9/9 12:29:14
2927968983,转发微博,2012/9/9 12:29:12
2741345697,转发微博,2012/9/9 12:29:09
2927921657,转发微博,2012/9/9 12:29:06
2844716033,转发微博,2012/9/9 12:29:06
2741309811,//@时尚生活小百科: 不亏是海尔顶尖设计师，产品都很养眼又有科技感，顿时有未来生活的赶脚了！,2012/9/9 12:29:05
2928691505,//@时尚生活小百科: 不亏是海尔顶尖设计师，产品都很养眼又有科技感，顿时有未来生活的赶脚了！,2012/9/9 12:29:04
2927961703,转发微博,2012/9/9 12:29:03
2964720844,//@时尚生活小百科: 不亏是海尔顶尖设计师，产品都很养眼又有科技感，顿时有未来生活的赶脚了！,2012/9/9 12:28:55
2844866085,转发微博,2012/9/9 12:28:53
2964812054,转发微博,2012/9/9 12:28:52
2964734524,转发微博,2012/9/9 12:28:48
2741278031,转发微博,2012/9/9 12:28:47
2931961050,转发微博,2012/9/9 12:28:41
2964800520,转发微博,2012/9/9 12:28:42
2741322611,转发微博,2012/9/9 12:28:39
2932022534,转发微博,2012/9/9 12:28:37
2931986130,//@时尚生活小百科: 不亏是海尔顶尖设计师，产品都很养眼又有科技感，顿时有未来生活的赶脚了！,2012/9/9 12:28:35
2927933727,转发微博,2012/9/9 12:28:35
2964828684,转发微博,2012/9/9 12:28:34
2964823604,转发微博,2012/9/9 12:28:33
2741341343,转发微博,2012/9/9 12:28:29
2931968650,转发微博,2012/9/9 12:28:28
2964736170,//@时尚生活小百科: 不亏是海尔顶尖设计师，产品都很养眼又有科技感，顿时有未来生活的赶脚了！,2012/9/9 12:28:28
2964747502,转发微博,2012/9/9 12:28:27
2928741125,转发微博,2012/9/9 12:28:25
2964742360,转发微博,2012/9/9 12:28:26
2931995970,转发微博,2012/9/9 12:28:23
2964741434,//@时尚生活小百科: 不亏是海尔顶尖设计师，产品都很养眼又有科技感，顿时有未来生活的赶脚了！,2012/9/9 12:28:21
2931992314,//@时尚生活小百科: 不亏是海尔顶尖设计师，产品都很养眼又有科技感，顿时有未来生活的赶脚了！,2012/9/9 12:28:20
2964754954,转发微博,2012/9/9 12:28:20
2741336743,转发微博,2012/9/9 12:28:20
2964725780,转发微博,2012/9/9 12:28:13
2844742395,转发微博,2012/9/9 12:28:08
2741316871,//@时尚生活小百科: 不亏是海尔顶尖设计师，产品都很养眼又有科技感，顿时有未来生活的赶脚了！,2012/9/9 12:28:07
2964736752,转发微博,2012/9/9 12:28:04
2964825750,转发微博,2012/9/9 12:28:02
2741431385,转发微博,2012/9/9 12:28:01
2964785530,转发微博,2012/9/9 12:27:59
2741336471,转发微博,2012/9/9 12:27:52
2932028942,转发微博,2012/9/9 12:27:51
2844914273,转发微博,2012/9/9 12:27:50
2844751217,转发微博,2012/9/9 12:27:49
2741556563,转发微博,2012/9/9 12:27:48
2931985070,转发微博,2012/9/9 12:27:48
2741054105,转发微博,2012/9/9 12:27:47
2964748832,转发微博,2012/9/9 12:27:46
2931998430,转发微博,2012/9/9 12:27:46
2741361017,转发微博,2012/9/9 12:27:38
2931957554,转发微博,2012/9/9 12:27:36
2964730534,转发微博,2012/9/9 12:27:31
2741423701,转发微博,2012/9/9 12:27:33
2741060765,转发微博,2012/9/9 12:27:31
2844736391,转发微博,2012/9/9 12:27:31
2931995534,转发微博,2012/9/9 12:27:30
2844754415,转发微博,2012/9/9 12:27:28
2844690613,//@时尚生活小百科: 不亏是海尔顶尖设计师，产品都很养眼又有科技感，顿时有未来生活的赶脚了！,2012/9/9 12:27:26
2844762821,转发微博,2012/9/9 12:27:24
2964762394,//@时尚生活小百科: 不亏是海尔顶尖设计师，产品都很养眼又有科技感，顿时有未来生活的赶脚了！,2012/9/9 12:27:22
2927975393,转发微博,2012/9/9 12:27:21
2928690165,转发微博,2012/9/9 12:27:21
2927923643,转发微博,2012/9/9 12:27:21
2741369443,转发微博,2012/9/9 12:27:19
2844718265,转发微博,2012/9/9 12:27:18
2964673502,转发微博,2012/9/9 12:27:17
2741357467,转发微博,2012/9/9 12:27:17
2844786085,转发微博,2012/9/9 12:27:15
2964871782,转发微博,2012/9/9 12:27:12
2844734581,转发微博,2012/9/9 12:27:11
2741464933,转发微博,2012/9/9 12:27:10
2927918207,转发微博,2012/9/9 12:27:10
2844372427,转发微博,2012/9/9 12:27:08
2844731215,转发微博,2012/9/9 12:27:07
2927932753,转发微博,2012/9/9 12:27:07
2931986420,转发微博,2012/9/9 12:27:07
2928723271,转发微博,2012/9/9 12:27:06
2741420591,转发微博,2012/9/9 12:27:05
2964857952,转发微博,2012/9/9 12:27:06
2964796472,转发微博,2012/9/9 12:27:04
2932027174,转发微博,2012/9/9 12:27:01
2931994504,转发微博,2012/9/9 12:27:01
2927920583,转发微博,2012/9/9 12:26:57
2964774760,转发微博,2012/9/9 12:26:57
2931964722,转发微博,2012/9/9 12:26:57
2964757254,转发微博,2012/9/9 12:26:56
2928638131,转发微博,2012/9/9 12:26:55
2927919337,转发微博,2012/9/9 12:26:52
2741257751,转发微博,2012/9/9 12:26:53
2931996510,转发微博,2012/9/9 12:26:52
2741509697,转发微博,2012/9/9 12:26:50
2931985270,转发微博,2012/9/9 12:26:46
2844774545,//@时尚生活小百科: 不亏是海尔顶尖设计师，产品都很养眼又有科技感，顿时有未来生活的赶脚了！,2012/9/9 12:26:46
2844726535,转发微博,2012/9/9 12:26:46
2741521291,转发微博,2012/9/9 12:26:46
2741386147,转发微博,2012/9/9 12:26:45
2741298935,转发微博,2012/9/9 12:26:45
2741302665,转发微博,2012/9/9 12:26:41
2964822780,转发微博,2012/9/9 12:26:41
2931998222,转发微博,2012/9/9 12:26:39
2928695075,转发微博,2012/9/9 12:26:36
2931963170,转发微博,2012/9/9 12:26:32
2931981940,转发微博,2012/9/9 12:26:32
2964761040,转发微博,2012/9/9 12:26:32
2844922907,转发微博,2012/9/9 12:26:28
2964768294,//@时尚生活小百科: 不亏是海尔顶尖设计师，产品都很养眼又有科技感，顿时有未来生活的赶脚了！,2012/9/9 12:26:27
2844746423,转发微博,2012/9/9 12:26:26
2928723485,转发微博,2012/9/9 12:26:26
2741344093,转发微博,2012/9/9 12:26:23
2931967232,//@时尚生活小百科: 不亏是海尔顶尖设计师，产品都很养眼又有科技感，顿时有未来生活的赶脚了！,2012/9/9 12:26:20
2844811853,转发微博,2012/9/9 12:26:20
2931971590,转发微博,2012/9/9 12:26:20
2964814314,转发微博,2012/9/9 12:26:15
2964839320,转发微博,2012/9/9 12:26:12
2931980890,转发微博,2012/9/9 12:26:11
2844708483,转发微博,2012/9/9 12:26:09
2964819320,转发微博,2012/9/9 12:26:09
2844886823,转发微博,2012/9/9 12:26:08
2964730710,转发微博,2012/9/9 12:26:03
2927954847,转发微博,2012/9/9 12:26:02
2964673052,转发微博,2012/9/9 12:25:59
2964830524,转发微博,2012/9/9 12:25:55
2964790522,转发微博,2012/9/9 12:25:55
2964759884,转发微博,2012/9/9 12:25:55
2928699671,转发微博,2012/9/9 12:25:54
2741357207,//@时尚生活小百科: 不亏是海尔顶尖设计师，产品都很养眼又有科技感，顿时有未来生活的赶脚了！,2012/9/9 12:25:53
2931986574,转发微博,2012/9/9 12:25:54
2931961824,转发微博,2012/9/9 12:25:53
2964797880,转发微博,2012/9/9 12:25:49
2844708175,转发微博,2012/9/9 12:25:48
2964822690,转发微博,2012/9/9 12:25:48
2931926290,转发微博,2012/9/9 12:25:47
2741388767,//@时尚生活小百科: 不亏是海尔顶尖设计师，产品都很养眼又有科技感，顿时有未来生活的赶脚了！,2012/9/9 12:25:47
2931998224,转发微博,2012/9/9 12:25:46
2741429213,转发微博,2012/9/9 12:25:45
2741314641,转发微博,2012/9/9 12:25:44
2932011710,转发微博,2012/9/9 12:25:43
2928723695,转发微博,2012/9/9 12:25:44
2964725390,转发微博,2012/9/9 12:25:43
2844914461,转发微博,2012/9/9 12:25:41
2928725891,转发微博,2012/9/9 12:25:36
2741286301,转发微博,2012/9/9 12:25:35
2927935097,转发微博,2012/9/9 12:25:33
2741430271,转发微博,2012/9/9 12:25:29
2964828572,转发微博,2012/9/9 12:25:28
2844893755,转发微博,2012/9/9 12:25:28
2932016530,转发微博,2012/9/9 12:25:27
2927959873,转发微博,2012/9/9 12:25:21
2932023680,转发微博,2012/9/9 12:25:19
2964730362,//@时尚生活小百科: 不亏是海尔顶尖设计师，产品都很养眼又有科技感，顿时有未来生活的赶脚了！,2012/9/9 12:25:18
2964755852,转发微博,2012/9/9 12:25:18
2964724012,转发微博,2012/9/9 12:25:15
2931993324,转发微博,2012/9/9 12:25:10
2931988162,转发微博,2012/9/9 12:25:09
2844730253,转发微博,2012/9/9 12:25:08
2928694005,//@时尚生活小百科: 不亏是海尔顶尖设计师，产品都很养眼又有科技感，顿时有未来生活的赶脚了！,2012/9/9 12:25:07
2844710433,//@时尚生活小百科: 不亏是海尔顶尖设计师，产品都很养眼又有科技感，顿时有未来生活的赶脚了！,2012/9/9 12:25:07
2931955054,转发微博,2012/9/9 12:25:06
2741341471,转发微博,2012/9/9 12:25:06
2844729391,转发微博,2012/9/9 12:25:06
2927923647,转发微博,2012/9/9 12:25:03
2964852892,转发微博,2012/9/9 12:25:02
2928698475,转发微博,2012/9/9 12:25:01
2741253861,//@时尚生活小百科: 不亏是海尔顶尖设计师，产品都很养眼又有科技感，顿时有未来生活的赶脚了！,2012/9/9 12:25:00
2741578477,转发微博,2012/9/9 12:25:01
2927959187,转发微博,2012/9/9 12:25:00
2964817400,转发微博,2012/9/9 12:24:52
2931998950,转发微博,2012/9/9 12:24:52
2928722611,转发微博,2012/9/9 12:24:51
2741559063,转发微博,2012/9/9 12:24:51
2964751300,转发微博,2012/9/9 12:24:47
2964823960,转发微博,2012/9/9 12:24:46
2844892427,转发微博,2012/9/9 12:24:42
2844853151,转发微博,2012/9/9 12:24:39
2927955923,转发微博,2012/9/9 12:24:37
2741426787,转发微博,2012/9/9 12:24:36
2964829492,转发微博,2012/9/9 12:24:30
2964787884,转发微博,2012/9/9 12:24:29
2931995362,转发微博,2012/9/9 12:24:29
2964860534,转发微博,2012/9/9 12:24:24
2928702205,转发微博,2012/9/9 12:24:15
2964793872,转发微博,2012/9/9 12:24:10
2844876913,转发微博,2012/9/9 12:24:01
2928720461,转发微博,2012/9/9 12:23:58
2927968863,转发微博,2012/9/9 12:23:55
2741426127,转发微博,2012/9/9 12:23:54
2741318701,转发微博,2012/9/9 12:23:51
2741469351,转发微博,2012/9/9 12:23:49
1868498112,徒有虚名！家里曾经都是买的海尔电器，但是使用寿命短，售后服务差，冰箱门的封条坏了都没配的，从此再也不买海尔产品了！ //@全球新鲜资讯:在很多企业想尽一切办法赚眼球抢人气的时候，海尔已经成功走上了国际舞台！,2012/9/9 12:23:47
2844872117,转发微博,2012/9/9 12:23:48
2964831660,转发微博,2012/9/9 12:23:45
2927931057,转发微博,2012/9/9 12:23:43
2964857130,转发微博,2012/9/9 12:23:36
2844890373,转发微博,2012/9/9 12:23:35
2844778145,转发微博,2012/9/9 12:23:32
2927923087,//@时尚生活小百科: 不亏是海尔顶尖设计师，产品都很养眼又有科技感，顿时有未来生活的赶脚了！,2012/9/9 12:23:32
2844773935,转发微博,2012/9/9 12:23:31
2844917235,转发微博,2012/9/9 12:23:31
2844906297,转发微博,2012/9/9 12:23:25
2964758140,转发微博,2012/9/9 12:23:21
2931967802,转发微博,2012/9/9 12:23:18
2741471265,转发微博,2012/9/9 12:23:16
2741501241,转发微博,2012/9/9 12:23:15
2844735057,转发微博,2012/9/9 12:23:13
2927924433,//@时尚生活小百科: 不亏是海尔顶尖设计师，产品都很养眼又有科技感，顿时有未来生活的赶脚了！,2012/9/9 12:23:10
2964854492,转发微博,2012/9/9 12:23:09
2928732765,转发微博,2012/9/9 12:23:09
2964766052,转发微博,2012/9/9 12:23:08
2932014600,转发微博,2012/9/9 12:23:08
1882759572,为了未来、为了民族自尊[呵呵]//@左岸danven:前些天在德国看了IFA展会，看见海尔出现在展厅时倍感亲切和自豪！当时还想去和设计师们握手，特别想对日韩欧美的朋友说：如同海尔一样，钓鱼岛是中国的！孔子也是中国的！而且MADE IN CHINA将不再代表山寨货！,2012/9/9 12:22:44
1751752024,海尔洗衣机不错。我家这个用了快七年了。期间搬家后不会安装，还找海尔来装一次，那师傅还主动帮我把外壳和管子免费换了一套，服务很赞！ //@全球热门收集:水晶洗衣机真的很炫诶！用 @海尔 的高科技做家务，劳动俨然变享受！,2012/9/9 12:06:19
2286450610, @生活小智慧:不亏是海尔顶尖设计师，产品都很养眼又有科技感，顿时有未来生活的赶脚了！@左岸danven:前些天在德国看了IFA展会，看见海尔出现在展厅时倍感亲切和自豪！当时还想去和设计师们握手，特别想对日韩欧美的朋友说：钓鱼岛是中国的！孔子也是中国的！而且MADE IN CHINA将不再代表山寨货,2012/9/9 12:03:59
1975971333,转发微博。,2012/9/9 12:02:22
1829685750, @左岸danven:前些天在德国看了IFA展会，看见海尔出现在展厅时倍感亲切和自豪！当时还想去和设计师们握手，特别想对日韩欧美的朋友说：如同海尔一样，钓鱼岛是中国的！孔子也是中国的！而且MADE IN CHINA将不再代表山寨货！,2012/9/9 11:53:51
1632325383,//@左岸danven:前些天在德国看了IFA展会，看见海尔出现在展厅时倍感亲切和自豪！当时还想去和设计师们握手，特别想对日韩欧美的朋友说：如同海尔一样，钓鱼岛是中国的！孔子也是中国的！而且MADE IN CHINA将不再代表山寨货！,2012/9/9 11:53:44
2205438361,海尔威武…//@全球新鲜资讯:在很多企业想尽一切办法赚眼球抢人气的时候，海尔已经成功走上了国际舞台！//@左岸danven:前些天在德国看了IFA展会，看见海尔出现在展厅时倍感亲切和自豪！当时还想去和设计师们握手，特别想对日韩欧美的朋友说：如同海尔一样，钓鱼岛是中国的！孔子也是中国的！而且MADE IN,2012/9/9 11:50:29
1975007543,//@生活小智慧:不亏是海尔顶尖设计师，产品都很养眼又有科技感，顿时有未来生活的赶脚了！ //@左岸danven:前些天在德国看了IFA展会，看见海尔出现在展厅时倍感亲切和自豪！当时还想去和设计师们握手，特别想对日韩欧美的朋友说：如同海尔一样，钓鱼岛是中国的！孔子也是中国的！而且,2012/9/9 11:50:13
2536094154,这样的企业一定会走的更远，加油海尔！！！ //@全球热门搜罗:大胡子设计师是海尔兄弟动画片里爷爷的真实版么！PS：水晶洗衣机真帅爆了！,2012/9/9 11:40:04
2518377614,大胡子设计师是海尔兄弟动画片里爷爷的真实版？？？ //@全球热门搜罗:大胡子设计师是海尔兄弟动画片里爷爷的真实版么！PS：水晶洗衣机真帅爆了！,2012/9/9 11:38:48
1836055774,//@全球热门排行榜精选: 大胡子设计师是海尔兄弟动画片里爷爷的真实版么！PS：水晶洗衣机真帅爆了！ //@左岸danven: 前些天在德国看了IFA展会，看见海尔出现在展厅时倍感亲切和自豪！当时还想去和设计师们握手，特别想对日韩欧美的朋友说：如同海尔一样，钓鱼岛是中国的！孔子也是中国的！,2012/9/9 11:37:57
2518300882,回复@锁在心底:多多出现这些像海尔的企业，[鼓掌] //@锁在心底:他呀.我知道知名度在国内来说还算很高的[哈哈] //@全球热门搜罗:大胡子设计师是海尔兄弟动画片里爷爷的真实版么！PS：水晶洗衣机真帅爆了！,2012/9/9 11:37:52
2064087250,转发微博,2012/9/9 11:37:11
2729700703,是中国的！而且MADE IN CHINA将不再代表山寨货！,2012/9/9 11:34:38
1766342260,[赞],2012/9/9 11:33:23
2473573823,他呀.我知道知名度在国内来说还算很高的[哈哈] //@全球热门搜罗:大胡子设计师是海尔兄弟动画片里爷爷的真实版么！PS：水晶洗衣机真帅爆了！,2012/9/9 11:30:35
2518295580,品牌的管理和营销，讲求踏实务实，要有良心责任，这才是真正的伟大 //@全球热门搜罗:大胡子设计师是海尔兄弟动画片里爷爷的真实版么！PS：水晶洗衣机真帅爆了！,2012/9/9 11:30:13
2518295580,回复@性感D超人:品牌的管理和营销，讲求踏实务实，要有良心责任，这才是真正的伟大 //@性感D超人:海尔的东西质量还是挺ok的 //@全球热门搜罗:大胡子设计师是海尔兄弟动画片里爷爷的真实版么！PS：水晶洗衣机真帅爆了！,2012/9/9 11:30:00
1628610207,//@全球热门收集: 水晶洗衣机真的很炫诶！用 @海尔 的高科技做家务，劳动俨然变享受！ //@左岸danven: 前些天在德国看了IFA展会，看见海尔出现在展厅时倍感亲切和自豪！当时还想去和设计师们握手，特别想对日韩欧美的朋友说：如同海尔一样，钓鱼岛是中国的！孔子也是中国的！而且MADE IN CHINA将不再,2012/9/9 11:27:51
2087335813,艺术与科技结合！//@左岸danven:前些天在德国看了IFA展会，看见海尔出现在展厅时倍感亲切和自豪！当时还想去和设计师们握手，特别想对日韩欧美的朋友说：如同海尔一样，钓鱼岛是中国的！孔子也是中国的！而且MADE IN CHINA将不再代表山寨货！,2012/9/9 11:27:35
2518281350,[赞][赞][赞][赞][赞][赞][赞][赞][赞]海尔你最牛，支持海尔 //@全球热门搜罗:大胡子设计师是海尔兄弟动画片里爷爷的真实版么！PS：水晶洗衣机真帅爆了！,2012/9/9 11:27:24
1930519383,Caroline Wang我最敬佩的一位老师！真心佩服！！！ //@宝月琉璃:一向尽可能支持民族产业[鼓掌] 海尔让我想起由衷敬佩的Caroline Wang，海尔的可持续成长也有她的一份付出吧@ZhangJingPenny @云水轩主Alec @ClariaGuo @Maggie一路西行,2012/9/9 11:26:49
2470567547,上次我们单位就是让总部直接派过来的员工，很热情。[挤眼] //@全球热门搜罗:大胡子设计师是海尔兄弟动画片里爷爷的真实版么！PS：水晶洗衣机真帅爆了！,2012/9/9 11:25:10
2518268100,回复@汐花前语:作为企业公民，海尔不仅做出了表率，更会将这种表率作用一直持续下去 //@汐花前语:我印象中海尔的电器质量是很不错的[威武] //@实用生活百科馆:我们支持海尔，也支持海尔来自国际的设计师。希望各个多家也都懂互相尊重。,2012/9/9 11:25:03
2470884773,回复@汐花前语:很好，恨严格。 //@汐花前语:我印象中海尔的电器质量是很不错的[威武] //@实用生活百科馆:我们支持海尔，也支持海尔来自国际的设计师。希望各个多家也都懂互相尊重。,2012/9/9 11:24:31
1793579690,//@全球新鲜资讯: 在很多企业想尽一切办法赚眼球抢人气的时候，海尔已经成功走上了国际舞台！//@左岸danven:前些天在德国看了IFA展会，看见海尔出现在展厅时倍感亲切和自豪！当时还想去和设计师们握手，特别想对日韩欧美的朋友说：如同海尔一样，钓鱼岛是中国的！孔子也是中国的！,2012/9/9 11:23:48
2946075050,转发微博,2012/9/9 11:21:51
1706346921,转发微博,2012/9/9 11:21:45
2516334394,转发微博,2012/9/9 11:21:43
2923161073,转发微博,2012/9/9 11:21:32
2177115802,转发微博,2012/9/9 11:21:21
2946075050,转发微博,2012/9/9 11:21:08
2177115802,转发微博,2012/9/9 11:21:04
2912573547,转发微博,2012/9/9 11:20:57
1479298640,转发微博,2012/9/9 11:20:56
2301775134,转发微博,2012/9/9 11:20:53
1854388605,转发微博,2012/9/9 11:20:53
2177115802,转发微博,2012/9/9 11:20:41
1854388605,转发微博,2012/9/9 11:20:40
2689196122,转发微博,2012/9/9 11:20:24
1149874995,转发微博,2012/9/9 11:20:19
1906060003,转发微博,2012/9/9 11:20:14
1948110911,转发微博,2012/9/9 11:20:13
1963193434,转发微博,2012/9/9 11:19:48
2877871963,自己的民族企业必须支持,2012/9/9 11:19:44
2130788851,转发微博,2012/9/9 11:19:40
1980032893,转发微博,2012/9/9 11:19:40
1120642355,转发微博,2012/9/9 11:19:36
2057226041,转发微博,2012/9/9 11:19:35
2156496720,转发微博,2012/9/9 11:19:37
2909910952,转发微博,2012/9/9 11:19:34
2889050153,转发微博,2012/9/9 11:19:33
1691128761,转发微博,2012/9/9 11:19:29
1980032893,转发微博,2012/9/9 11:19:28
1906060003,转发微博,2012/9/9 11:19:19
2842426185,转发微博,2012/9/9 11:19:18
2842426185,绝对吸引眼球~~~,2012/9/9 11:19:15
1691128761,转发微博,2012/9/9 11:19:17
1084872930,转发微博,2012/9/9 11:19:15
1980032893,海尔，好样的，也让老外看看我们的家电产品,2012/9/9 11:19:12
2712182433,转发微博,2012/9/9 11:18:57
2680677881,转发微博,2012/9/9 11:18:44
1906060003,转发微博,2012/9/9 11:18:44
2794597212,转发微博,2012/9/9 11:18:38
1874570274,转发微博,2012/9/9 11:18:26
1980914541,钓鱼岛是中国的…//@生活小智慧:不亏是海尔顶尖设计师，产品都很养眼又有科技感，顿时有未来生活的赶脚了！ //@左岸danven:前些天在德国看了IFA展会，看见海尔出现在展厅时倍感亲切和自豪！当时还想去和设计师们握手，特别想对日韩欧美的朋友说：如同海尔一样，钓鱼岛是中国的！孔子也是中国的！而且MA,2012/9/9 11:18:23
2842245083,再一次证明了海尔的实力,2012/9/9 11:18:21
1712951430,转发微博,2012/9/9 11:18:21
1776675632,转发微博,2012/9/9 11:18:15
2844653265,转发微博,2012/9/9 11:18:17
2741191545,转发微博,2012/9/9 11:18:13
2741341145,转发微博,2012/9/9 11:18:08
2931982514,转发微博,2012/9/9 11:18:08
2741345165,转发微博,2012/9/9 11:18:03
2928673361,转发微博,2012/9/9 11:17:59
2844800725,转发微博,2012/9/9 11:17:57
2741300503,转发微博,2012/9/9 11:17:55
2932003102,转发微博,2012/9/9 11:17:45
2712765283,赞 //@全球新鲜资讯:在很多企业想尽一切办法赚眼球抢人气的时候，海尔已经成功走上了国际舞台！,2012/9/9 11:17:45
2051233364,转发微博,2012/9/9 11:17:42
1804545164,转发微博,2012/9/9 11:17:41
2741221951,转发微博,2012/9/9 11:17:40
2741447307,转发微博,2012/9/9 11:17:39
1291536233,不是卖给中国消费者，号称凸显中国，咋都是老外设计的[偷笑],2012/9/9 11:17:39
2151315022,转发微博,2012/9/9 11:17:38
2931948650,转发微博,2012/9/9 11:17:30
1712951430,转发微博,2012/9/9 11:17:26
2857291784,太了不起了 [钟],2012/9/9 11:17:11
1776675632,转发微博,2012/9/9 11:17:02
2844628967,转发微博,2012/9/9 11:16:58
2964767880,转发微博,2012/9/9 11:16:55
2535574384,转发微博,2012/9/9 11:16:47
2872766102,转发微博,2012/9/9 11:16:45
1564736131,转发微博,2012/9/9 11:16:41
2120015915,转发微博,2012/9/9 11:16:35
2964795412,转发微博,2012/9/9 11:16:26
2535574384,转发微博,2012/9/9 11:16:19
1973337754,转发微博,2012/9/9 11:16:19
2844815183,转发微博,2012/9/9 11:16:09
2962759470,转发微博,2012/9/9 11:15:58
1852952840,转发微博,2012/9/9 11:15:59
2282995823,转发微博,2012/9/9 11:15:54
2968786632,转发微博,2012/9/9 11:15:54
2962759470,转发微博,2012/9/9 11:15:52
1997306301,转发微博,2012/9/9 11:15:50
2962759470,转发微博,2012/9/9 11:15:47
2282995823,看见海尔出现在展厅时倍的心情难以形容,2012/9/9 11:15:47
2646735643,转发微博,2012/9/9 11:15:43
2844613493,转发微博,2012/9/9 11:15:43
